project_ID,Patch_no,Patch_ID,Pre_post,Patch_hab_type,Area_m2,Area_ha,Total_hab_type_in_map_ha,Total_hab_type_in_metric_ha,Percent_difference,Match_to_pre/post,Bordering_hab,Bordering_hab_urban,Broad_hab,Distance to nearest recorded broad hab type (post-only),Part_of_larger_unit,Area_contiguous_m2,Habs_within_contiguous,Notes
1,1,1.1,pre,Modified grassland,11492.772,1.1492772,1.1492772,1.38,-18.24416873,"Yes, partially - postdev grassland, 1.6,7,8,11","Urban (offsite), lowland mixed deciduous woodland",Yes,Grassland,,Yes,1.3842528,"Modified grassland, bramble scrub, mixed scrub, lowland mixed deciduous woodland",
1,2,1.2,pre,Bramble scrub,1059.626,0.1059626,0.1086569,0.13,-17.88601126,No,"Urban (offsite), lowland mixed deciduous woodland",Yes,Heathland and shrub,,Yes,,"Modified grassland, bramble scrub, mixed scrub, lowland mixed deciduous woodland",
1,3,1.3,pre,Mixed scrub,548.032,0.0548032,0.0548032,0.05,9.166132332,No,"Urban (offsite), bramble scrub",Yes,Heathland and shrub,,Yes,,"Modified grassland, bramble scrub, mixed scrub, lowland mixed deciduous woodland",
1,4,1.4,pre,Lowland mixed deciduous woodland,715.155,0.0715155,0.0715155,0.05,35.41194333,"Yes, 1.9","Modified grassland, bramble scrub",No,Woodland and forest,,Yes,,"Modified grassland, bramble scrub, mixed scrub, lowland mixed deciduous woodland",
1,5,1.5,pre,Bramble scrub,26.943,0.0026943,0.1086569,0.13,,No,"Modified grassland, urban",Yes,Heathland and shrub,,Yes,,"Modified grassland, bramble scrub, mixed scrub, lowland mixed deciduous woodland",
1,6,1.6,post,Other neutral grassland,2172.257,0.2172257,0.3552403,0.17,70.53544825,"Yes, partially 1.1","Urban, lowland mixed deciduous woodland",Yes,Grassland,,Yes,0.4092396,"Other neutral grassland, lowland mixed deciduous woodland, non-priority ponds","The post-dev numbers are all completely different because they have done a BNG assessment in the outline application which got approved, but then in the reserved matters they have changed the layout of the development with a lot less habitat features, and not submitted an updated BNG to go with this. "
1,7,1.7,post,Other neutral grassland,927.688,0.0927688,0.3552403,0.17,,"Yes, partially 1.1","Urban, lowland mixed deciduous woodland",Yes,Grassland,,Yes,,"Other neutral grassland, lowland mixed deciduous woodland, non-priority ponds","The post-dev numbers are all completely different because they have done a BNG assessment in the outline application which got approved, but then in the reserved matters they have changed the layout of the development with a lot less habitat features, and not submitted an updated BNG to go with this. "
1,8,1.8,post,Other neutral grassland,452.5,0.0452458,0.3552403,0.17,,"Yes, partially 1.1",Urban,Yes,Grassland,,No,NA,NA,"The post-dev numbers are all completely different because they have done a BNG assessment in the outline application which got approved, but then in the reserved matters they have changed the layout of the development with a lot less habitat features, and not submitted an updated BNG to go with this. "
1,9,1.9,post,Lowland mixed deciduous woodland,709.002,0.0709002,0.0709002,0.05,34.57430178,"Yes, 1.4",Other neutral grassland,No,Woodland and forest,,Yes,0.4092396,"Other neutral grassland, lowland mixed deciduous woodland, non-priority ponds","The post-dev numbers are all completely different because they have done a BNG assessment in the outline application which got approved, but then in the reserved matters they have changed the layout of the development with a lot less habitat features, and not submitted an updated BNG to go with this. "
1,10,1.1,post,Ponds (non-priority habitat),283.449,0.0283449,0.0283449,0.03,-5.673503597,No,Other neutral grassland,No,Lakes,,Yes,,"Other neutral grassland, lowland mixed deciduous woodland, non-priority ponds","The post-dev numbers are all completely different because they have done a BNG assessment in the outline application which got approved, but then in the reserved matters they have changed the layout of the development with a lot less habitat features, and not submitted an updated BNG to go with this. "
1,11,1.11,post,Modified grassland,20.297,0.0020297,0.0020297,0,200,"Yes, partially 1.1",Urban,Yes,Grassland,,No,NA,NA,"The post-dev numbers are all completely different because they have done a BNG assessment in the outline application which got approved, but then in the reserved matters they have changed the layout of the development with a lot less habitat features, and not submitted an updated BNG to go with this. "
2,1,2.1,pre,Modified grassland,171.766,0.0171766,0.3869213,0.42,-8.198742554,"Yes, 2.4","Urban, offsite urban",Yes,Grassland,,No,NA,NA,Large size discrepancy to its corresponding patch in the post-dev - bad mapping?
2,2,2.2,pre,Modified grassland,2136.474,0.2136474,0.3869213,0.42,,"Yes, 2.5","Urban, offsite cropland",Yes,Grassland,,No,NA,NA,
2,3,2.3,pre,Modified grassland,1560.973,0.1560973,0.3869213,0.42,,"Yes, 2.6",Offsite cropland,Cropland,Grassland,,No,NA,NA,"Note: this is the grass crete of the track which they've included as mod grass, though they've actually put that as built up in the predev map. "
2,4,2.4,post,Modified grassland,297.982,0.0297982,0.2116634,0.2324,-9.339477201,"Yes, 2.1","Urban, offsite cropland",Yes,Grassland,,No,NA,NA,Large size discrepancy to its corresponding patch in the pre-dev - bad mapping?
2,5,2.5,post,Modified grassland,257.679,0.0257679,0.2116634,0.2324,,"Yes, 2.2","Urban, offsite cropland",Yes,Grassland,,No,NA,NA,"This is wildflower, so unsure whether it should really be categorised as ONG"
2,6,2.6,post,Modified grassland,1560.973,0.1560973,0.2116634,0.2324,,"Yes, 2.2",Offsite cropland,Cropland,Grassland,,No,NA,NA,"Note: this is the grass crete of the track which they've included as mod grass, though they've actually put that as built up in the predev map. "
5,1,5.1,pre,Other woodland; broadleaved,1393.839,0.1393839,0.1393839,0.1387,0.491865944,"Yes, 5.3","Rhodedendron scrub, offsite urban",Yes,Woodland and forest,,Yes,0.2311453,"Other woodland; broadleaved, rhodedendron scrub",
5,2,5.2,pre,Rhodedendron scrub,917.614,0.0917614,0.0917614,0.0917,0.066935061,No,Other woodland; broadleaved,No,Heathland and shrub,,Yes,,"Other woodland; broadleaved, rhodedendron scrub",
5,3,5.3,post,Other woodland; broadleaved,572.179,0.0572179,0.0572179,0.2069,-113.3449115,"Yes, 5.1",Urban,Yes,Woodland and forest,,Yes,0.0867228,"Other woodland; broadleaved, other neutral grassland","This is clearly a weird mistake in the metric: they have made it clear that they're removing some trees and in the metric have put that they're retaining 0.0682 ha (which makes sense), but then have said they're enhancing 0.1387 ha (the whole area of the predev woodland), meaning there's a greater area of trees after despite there being no creation."
5,4,5.4,post,Other neutral grassland,295.049,0.0295049,0.0295049,0.0274,7.397956942,No,"Other woodland; broadleaved, urban",Yes,Grassland,,Yes,,"Other woodland; broadleaved, other neutral grassland",There is also supposed to be some mixed scrub but it's not apparent at all from ANY of the drawings
6,1,6.1,pre,Ponds (non-priority habitat),82.176,0.0082176,0.0749523,0.05,39.93892069,Yes,Modified grassland,No,Lakes,,Yes,23.35,"If modified grassland included, the whole thing is uninterrupted semi-natural habitat",
6,2,6.2,pre,Ponds (non-priority habitat),162.25,0.016225,0.0749523,0.05,,Yes,Modified grassland,No,Lakes,,Yes,,"If modified grassland included, the whole thing is uninterrupted semi-natural habitat",
6,3,6.3,pre,Ponds (priority habitat),259.142,0.0259142,0.3484844,0.08,125.3181679,Yes,Semi-natural broadleaved woodland (Woodland and forest - Lowland mixed deciduous woodland),No,Lakes,,Yes,,"If modified grassland included, the whole thing is uninterrupted semi-natural habitat",
6,4,6.4,pre,Ponds (priority habitat),1110.143,0.1110143,0.3484844,0.08,,Yes,Semi-natural broadleaved woodland (Woodland and forest - Lowland mixed deciduous woodland),No,Lakes,,Yes,,"If modified grassland included, the whole thing is uninterrupted semi-natural habitat",
6,5,6.5,pre,Ponds (priority habitat),423.876,0.0423876,0.3484844,0.08,,Yes,Semi-natural broadleaved woodland (Woodland and forest - Lowland mixed deciduous woodland),No,Lakes,,Yes,,"If modified grassland included, the whole thing is uninterrupted semi-natural habitat",
6,6,6.6,pre,Ponds (priority habitat),1691.683,0.1691683,0.3484844,0.08,,Yes,Semi-natural broadleaved woodland (Woodland and forest - Lowland mixed deciduous woodland),No,Lakes,,Yes,,"If modified grassland included, the whole thing is uninterrupted semi-natural habitat",
6,7,6.7,pre,Ponds (non-priority habitat),163.397,0.0163397,0.0749523,0.05,,Yes,Modified grassland,No,Lakes,,Yes,,"If modified grassland included, the whole thing is uninterrupted semi-natural habitat",
6,8,6.8,pre,Ponds (non-priority habitat),108.931,0.0108931,0.0749523,0.05,,Yes,Modified grassland,No,Lakes,,Yes,,"If modified grassland included, the whole thing is uninterrupted semi-natural habitat",
6,9,6.9,pre,Ponds (non-priority habitat),232.769,0.0232769,0.0749523,0.05,,Yes,Modified grassland,No,Lakes,,Yes,,"If modified grassland included, the whole thing is uninterrupted semi-natural habitat",
6,10,6.1,pre,Mixed scrub,275.195,0.0275195,0.0372278,0.04,-7.17928,No,Modified grassland,No,Heathland and shrub,,Yes,,"If modified grassland included, the whole thing is uninterrupted semi-natural habitat",
6,11,6.11,pre,Mixed scrub,97.083,0.0097083,0.0372278,0.04,,No,Modified grassland,No,Heathland and shrub,,Yes,,"If modified grassland included, the whole thing is uninterrupted semi-natural habitat",
6,12,6.12,pre,Ruderal/Ephemeral,1841.129,0.1841129,0.2298449,0.25,-8.400672801,No,Modified grassland,No,Sparsely Vegetated Land,,Yes,,"If modified grassland included, the whole thing is uninterrupted semi-natural habitat",
6,13,6.13,pre,Ruderal/Ephemeral,457.32,0.045732,0.2298449,0.25,,No,"Modified grassland, urban (bare ground)",Yes,Sparsely Vegetated Land,,Yes,,"If modified grassland included, the whole thing is uninterrupted semi-natural habitat",
6,14,6.14,pre,Lowland mixed deciduous woodland,11139.268,1.1139268,1.1139268,1.31,-16.17814531,No,"Modified grassland, ponds (priority-habitat)",No,Woodland and forest,,Yes,,"If modified grassland included, the whole thing is uninterrupted semi-natural habitat",
6,15,6.15,pre,Lowland mixed deciduous woodland,13310.822,1.3310822,1.3310822,1.11,18.11345804,No,Modified grassland,No,Woodland and forest,,Yes,,"If modified grassland included, the whole thing is uninterrupted semi-natural habitat",
6,16,6.16,pre,Modified grassland,202127.429,20.2127429,20.2127429,21.04,-4.010676827,"Yes, partially","Lowland mixed deciduous woodland, modified grassland",No,Grassland,,Yes,,"If modified grassland included, the whole thing is uninterrupted semi-natural habitat","Separated into patches in the estimated metric, but is in practice a continuous patch, interrupted by only single hedgerows in some instances"
6,17,6.17,post,Ponds (priority habitat),621.044,0.0621044,0.4448583,0.13,109.5429256,no,Reedbed,No,Lakes,,Yes,0.4548736,"Reedbed, other neutral grassland, mixed scrub, pond (non-priority), pond (priority)",
6,18,6.18,post,Ponds (priority habitat),342.695,0.0342695,0.4448583,0.13,,no,Reedbed,No,Lakes,,Yes,12.995139,"The whole of the non-development area plus the bit on the left of the development: modified grassland, other neutral grassland, mixed scrub, Lowland mixed deciduous woodland, ancient broadleaved, other broadleaved, pond (priority)",
6,19,6.19,post,Other neutral grassland,4242.851,0.4242851,1.8170872,6.54,-113.0277257,no,"Ancient woodland, urban",Yes,Grassland,,Yes,,"The whole of the non-development area plus the bit on the left of the development: modified grassland, other neutral grassland, mixed scrub, Lowland mixed deciduous woodland, ancient broadleaved, other broadleaved, pond (priority)",
6,20,6.2,post,Other neutral grassland,2278.654,0.2278654,4.9161299,6.54,-28.34936605,no,"Urban, mixed scrub",Yes,Grassland,,Yes,,"Reedbed, other neutral grassland, mixed scrub, pond (non-priority)",
6,21,6.21,post,Other neutral grassland,91.1,0.00911,4.9161299,6.54,,no,"Urban, Other woodland; broadleaved",Yes,Grassland,,Yes,,"The whole of the non-development area plus the bit on the left of the development: modified grassland, other neutral grassland, mixed scrub, Lowland mixed deciduous woodland, ancient broadleaved, other broadleaved, pond (priority)",
6,22,6.22,post,Other neutral grassland,264.267,0.0264267,4.9161299,6.54,,no,"Urban, Mixed scrub",Yes,Grassland,,Yes,,"The whole of the non-development area plus the bit on the left of the development: modified grassland, other neutral grassland, mixed scrub, Lowland mixed deciduous woodland, ancient broadleaved, other broadleaved, pond (priority)",
6,23,6.23,post,Other neutral grassland,107.349,0.0107349,4.9161299,6.54,,no,Urban,Yes,Grassland,,No,NA,NA,
6,24,6.24,post,Other neutral grassland,406.138,0.0406138,4.9161299,6.54,,no,"Reedbed, urban (amenity grass)",Yes,Grassland,,Yes,0.0799552,"Reedbed, pond (non-priority), other neutral grassland",
6,25,6.25,post,Other neutral grassland,72.569,0.0072569,4.9161299,6.54,,no,Urban (amenity),Yes,Grassland,,No,NA,NA,
6,26,6.26,post,Other neutral grassland,2972.173,0.2972173,4.9161299,6.54,,no,Urban,Yes,Grassland,,No,NA,NA,
6,27,6.27,post,Other neutral grassland,7735.771,0.7735771,4.9161299,6.54,,no,"Mixed scrub, urban",Yes,Grassland,,Yes,0.8135865,"Other neutral grassland, mixed scrub",
6,28,6.28,post,Mixed scrub,909.472,0.0909472,0.5862677,0.49,17.88917386,no,"Other neutral grassland, urban",Yes,Heathland and shrub,,Yes,,,
6,29,6.29,post,Mixed scrub,543.197,0.0543197,0.5862677,0.49,,no,"Other neutral grassland, urban",Yes,Heathland and shrub,,Yes,,"The whole of the non-development area plus the bit on the left of the development: modified grassland, other neutral grassland, mixed scrub, Lowland mixed deciduous woodland, ancient broadleaved, other broadleaved, pond (priority)",
6,30,6.3,post,Mixed scrub,428.174,0.0428174,0.5862677,0.49,,no,"Other neutral grassland, ancient woodland",No,Heathland and shrub,,Yes,,"The whole of the non-development area plus the bit on the left of the development: modified grassland, other neutral grassland, mixed scrub, Lowland mixed deciduous woodland, ancient broadleaved, other broadleaved, pond (priority)",
6,31,6.31,post,Mixed scrub,195.66,0.019566,0.5862677,0.49,,no,"Other neutral grassland, ancient woodland",No,Heathland and shrub,,Yes,,"The whole of the non-development area plus the bit on the left of the development: modified grassland, other neutral grassland, mixed scrub, Lowland mixed deciduous woodland, ancient broadleaved, other broadleaved, pond (priority)",
6,32,6.32,post,Mixed scrub,165.348,0.0165348,0.5862677,0.49,,no,Other neutral grassland,No,Heathland and shrub,,Yes,,"The whole of the non-development area plus the bit on the left of the development: modified grassland, other neutral grassland, mixed scrub, Lowland mixed deciduous woodland, ancient broadleaved, other broadleaved, pond (priority)",
6,33,6.33,post,Mixed scrub,190.112,0.0190112,0.5862677,0.49,,no,"Other neutral grassland, ancient woodland",No,Heathland and shrub,,Yes,,"The whole of the non-development area plus the bit on the left of the development: modified grassland, other neutral grassland, mixed scrub, Lowland mixed deciduous woodland, ancient broadleaved, other broadleaved, pond (priority)",
6,34,6.34,post,Mixed scrub,44.342,0.0044342,0.5862677,0.49,,no,Other neutral grassland,No,Heathland and shrub,,Yes,,"The whole of the non-development area plus the bit on the left of the development: modified grassland, other neutral grassland, mixed scrub, Lowland mixed deciduous woodland, ancient broadleaved, other broadleaved, pond (priority)",
6,35,6.35,post,Mixed scrub,70.588,0.0070588,0.5862677,0.49,,no,Other neutral grassland,No,Heathland and shrub,,Yes,,"The whole of the non-development area plus the bit on the left of the development: modified grassland, other neutral grassland, mixed scrub, Lowland mixed deciduous woodland, ancient broadleaved, other broadleaved, pond (priority)",
6,36,6.36,post,Mixed scrub,40.09,0.004009,0.5862677,0.49,,no,Other neutral grassland,No,Heathland and shrub,,Yes,,"The whole of the non-development area plus the bit on the left of the development: modified grassland, other neutral grassland, mixed scrub, Lowland mixed deciduous woodland, ancient broadleaved, other broadleaved, pond (priority)",
6,37,6.37,post,Mixed scrub,59.077,0.0059077,0.5862677,0.49,,no,Other neutral grassland,No,Heathland and shrub,,Yes,,"The whole of the non-development area plus the bit on the left of the development: modified grassland, other neutral grassland, mixed scrub, Lowland mixed deciduous woodland, ancient broadleaved, other broadleaved, pond (priority)",
6,38,6.38,post,Mixed scrub,121.048,0.0121048,0.5862677,0.49,,no,"Other neutral grassland, ancient woodland",No,Heathland and shrub,,Yes,,"The whole of the non-development area plus the bit on the left of the development: modified grassland, other neutral grassland, mixed scrub, Lowland mixed deciduous woodland, ancient broadleaved, other broadleaved, pond (priority)",
6,39,6.39,post,Mixed scrub,181.868,0.0181868,0.5862677,0.49,,no,Other neutral grassland,No,Heathland and shrub,,Yes,,"The whole of the non-development area plus the bit on the left of the development: modified grassland, other neutral grassland, mixed scrub, Lowland mixed deciduous woodland, ancient broadleaved, other broadleaved, pond (priority)",
6,40,6.4,post,Mixed scrub,153.07,0.015307,0.5862677,0.49,,no,Other neutral grassland,No,Heathland and shrub,,Yes,,"The whole of the non-development area plus the bit on the left of the development: modified grassland, other neutral grassland, mixed scrub, Lowland mixed deciduous woodland, ancient broadleaved, other broadleaved, pond (priority)",
6,41,6.41,post,Other woodland; broadleaved,2100.551,0.2100551,1.4125528,1.43,,no,Other woodland; broadleaved,No,Woodland and forest,,Yes,,"The whole of the non-development area plus the bit on the left of the development: modified grassland, other neutral grassland, mixed scrub, Lowland mixed deciduous woodland, ancient broadleaved, other broadleaved, pond (priority)",
6,42,6.42,post,Reedbeds,259.673,0.0259673,0.068067,0.12,-55.22818995,no,"Other neutral grassland, ponds (priority)",No,Wetland,,Yes,,"The whole of the non-development area plus the bit on the left of the development: modified grassland, other neutral grassland, mixed scrub, Lowland mixed deciduous woodland, ancient broadleaved, other broadleaved, pond (priority)",
6,43,6.43,post,Reedbeds,276.14,0.027614,0.068067,0.12,,no,"Other neutral grassland, ponds (priority)",No,Wetland,,Yes,,"Reedbed, other neutral grassland, mixed scrub, pond (non-priority), pond (priority)",
6,44,6.44,post,Ponds (non-priority habitat),82.176,0.0082176,0.0603061,0.05,18.68636458,"yes, 6.1","Other neutral grassland, mixed scrub",No,Lakes,,Yes,,"Reedbed, other neutral grassland, mixed scrub, pond (non-priority), pond (priority)",
6,45,6.45,post,Ponds (non-priority habitat),248.557,0.0248557,0.0603061,0.05,,"yes (maybe partially), 6.2","Reedbed, urban (amenity grass)",Yes,Lakes,,Yes,,"Reedbed, pond (non-priority), other neutral grassland",
6,46,6.46,post,Other neutral grassland,131.003,0.0131003,4.9161299,6.54,,no,"Urban (amenity and picnic tables), mixed scrub",Yes,Grassland,,Yes,,"Reedbed, other neutral grassland, mixed scrub, pond (non-priority), pond (priority)",
6,47,6.47,post,Reedbeds,144.857,0.0144857,0.068067,0.12,,no,"Other neutral grassland, ponds (non-priority)",No,Wetland,,Yes,,"Reedbed, pond (non-priority), other neutral grassland",
6,48,6.48,post,Modified grassland,46006,4.6006,4.6006,6.56,-35.11280756,yes (partially) 6.16,"Ancient woodland, mixed scrub",No,Grassland,,Yes,23.6498862,"The whole of the non-development area plus the bit on the left of the development: modified grassland, other neutral grassland, mixed scrub, Lowland mixed deciduous woodland, ancient broadleaved, other broadleaved, pond (priority)",
6,49,6.49,post,Ponds (priority habitat),259.142,0.0259142,0.4448583,0.13,,"yes, 6.3",Lowland mixed deciduous woodland,No,Lakes,,Yes,,"The whole of the non-development area plus the bit on the left of the development: modified grassland, other neutral grassland, mixed scrub, Lowland mixed deciduous woodland, ancient broadleaved, other broadleaved, pond (priority)",
6,50,6.5,post,Ponds (priority habitat),1110.143,0.1110143,0.4448583,0.13,,"yes, 6.4",Lowland mixed deciduous woodland,No,Lakes,,Yes,,"The whole of the non-development area plus the bit on the left of the development: modified grassland, other neutral grassland, mixed scrub, Lowland mixed deciduous woodland, ancient broadleaved, other broadleaved, pond (priority)",
6,51,6.51,post,Ponds (priority habitat),423.876,0.0423876,0.4448583,0.13,,"yes, 6.5",Lowland mixed deciduous woodland,No,Lakes,,Yes,,"The whole of the non-development area plus the bit on the left of the development: modified grassland, other neutral grassland, mixed scrub, Lowland mixed deciduous woodland, ancient broadleaved, other broadleaved, pond (priority)",
6,52,6.52,post,Ponds (priority habitat),1691.683,0.1691683,0.4448583,0.13,,"yes, 6.6",Lowland mixed deciduous woodland,No,Lakes,,Yes,,"The whole of the non-development area plus the bit on the left of the development: modified grassland, other neutral grassland, mixed scrub, Lowland mixed deciduous woodland, ancient broadleaved, other broadleaved, pond (priority)",
6,53,6.53,post,Ponds (non-priority habitat),163.397,0.0163397,0.0603061,0.05,,"yes, 6.7",Other neutral grassland,No,Lakes,,Yes,,"The whole of the non-development area plus the bit on the left of the development: modified grassland, other neutral grassland, mixed scrub, Lowland mixed deciduous woodland, ancient broadleaved, other broadleaved, pond (priority)",
6,54,6.54,post,Ponds (non-priority habitat),108.931,0.0108931,0.0603061,0.05,,"yes, 6.8",Other neutral grassland,No,Lakes,,Yes,,"The whole of the non-development area plus the bit on the left of the development: modified grassland, other neutral grassland, mixed scrub, Lowland mixed deciduous woodland, ancient broadleaved, other broadleaved, pond (priority)",
6,55,6.55,post,Other neutral grassland,25499.557,2.5499557,4.9161299,6.54,,no,"Urban (offsite), mixed scrub",Yes,Grassland,,Yes,,"The whole of the non-development area plus the bit on the left of the development: modified grassland, other neutral grassland, mixed scrub, Lowland mixed deciduous woodland, ancient broadleaved, other broadleaved, pond (priority)",
6,56,6.56,post,Other neutral grassland,3059.867,0.3059867,4.9161299,6.54,,no,Other woodland; broadleaved,No,Grassland,,Yes,,"The whole of the non-development area plus the bit on the left of the development: modified grassland, other neutral grassland, mixed scrub, Lowland mixed deciduous woodland, ancient broadleaved, other broadleaved, pond (priority)",
6,57,6.57,post,Other woodland; broadleaved,4058.889,0.4058889,1.4125528,1.43,-1.227572624,no,Other neutral grassland,No,Woodland and forest,,Yes,,"The whole of the non-development area plus the bit on the left of the development: modified grassland, other neutral grassland, mixed scrub, Lowland mixed deciduous woodland, ancient broadleaved, other broadleaved, pond (priority)",
6,58,6.58,post,Other woodland; broadleaved,7966.088,0.7966088,1.4125528,1.43,,no,"Other neutral grassland, urban (offsite)",Yes,Woodland and forest,,Yes,,"The whole of the non-development area plus the bit on the left of the development: modified grassland, other neutral grassland, mixed scrub, Lowland mixed deciduous woodland, ancient broadleaved, other broadleaved, pond (priority)",
6,59,6.59,post,Mixed scrub,400,0.04,0.5862677,0.49,,no,"Other neutral grassland, lowland mixed deciduous grassland",No,Heathland and shrub,,Yes,,"The whole of the non-development area plus the bit on the left of the development: modified grassland, other neutral grassland, mixed scrub, Lowland mixed deciduous woodland, ancient broadleaved, other broadleaved, pond (priority)",HAD TO USE METRIC as you can't see it in the map good enough
6,60,6.6,post,Other neutral grassland,2300,0.23,4.9161299,6.54,,no,"Other neutral grassland, urban (offsite)",Yes,Grassland,,Yes,,"The whole of the non-development area plus the bit on the left of the development: modified grassland, other neutral grassland, mixed scrub, Lowland mixed deciduous woodland, ancient broadleaved, other broadleaved, pond (priority)",HAD TO USE METRIC as you can't see it in the map good enough
6,61,6.61,post,Mixed scrub,1900,0.19,0.5862677,0.49,,no,Modified grassland,No,Heathland and shrub,,Yes,,"The whole of the non-development area plus the bit on the left of the development: modified grassland, other neutral grassland, mixed scrub, Lowland mixed deciduous woodland, ancient broadleaved, other broadleaved, pond (priority)",
6,62,6.62,post,Mixed scrub,400.094,0.0400094,0.5862677,0.49,,no,"Other neutral grassland, urban",Yes,Heathland and shrub,,Yes,0.0615782,"Other neutral grassland, mixed scrub",
6,63,6.63,post,Lowland mixed deciduous woodland,13310.822,1.3310822,2.445009,2.42,1.028117317,"yes, 6.15","Woodland (offsite), modified grassland",No,Woodland and forest,,Yes,,"The whole of the non-development area plus the bit on the left of the development: modified grassland, other neutral grassland, mixed scrub, Lowland mixed deciduous woodland, ancient broadleaved, other broadleaved, pond (priority)",
6,64,6.64,post,Lowland mixed deciduous woodland,11139.268,1.1139268,2.445009,2.42,,"yes, 6.14","Other neutral grassland, modified grassland",No,Woodland and forest,,Yes,,"The whole of the non-development area plus the bit on the left of the development: modified grassland, other neutral grassland, mixed scrub, Lowland mixed deciduous woodland, ancient broadleaved, other broadleaved, pond (priority)",
6,65,6.65,post,Mixed scrub,60.537,0.0060537,0.5862677,0.49,,no,"Other neutral grassland, urban",Yes,Heathland and shrub,,Yes,,"The whole of the non-development area plus the bit on the left of the development: modified grassland, other neutral grassland, mixed scrub, Lowland mixed deciduous woodland, ancient broadleaved, other broadleaved, pond (priority)",
14,1,14.1,pre,Modified grassland,10081.161,1.0081161,1.0081161,0.9423,6.748929113,"yes (partially), 14.5","Cropland, modified grassland (excluding Hedgerows/individual trees)",Cropland,Grassland,,Yes,1.0239357,"Modified grassland, bramble scrub",
14,2,14.2,pre,Bramble scrub,131.371,0.0131371,0.0158196,0.0174,-9.514864718,no,"Modified grassland, urban",Yes,Heathland and shrub,,Yes,,"Modified grassland, bramble scrub",
14,3,14.3,pre,Bramble scrub,26.825,0.0026825,0.0158196,0.0174,,no,"Modified grassland, urban",Yes,Heathland and shrub,,Yes,,"Modified grassland, bramble scrub",
14,5,14.5,post,Other neutral grassland,2344.989,0.2344989,0.2344989,0.1972,17.2800533,"yes (partially), 14.1",Urban,Yes,Grassland,,No,NA,NA,"It seems that all the habitats (even the modified grasslands) that are not in the landscape buffer belong to households, so are not under the developer's management - hence why only one post-dev patch. There is a numbering discrepancy as I decided to remove SUDS from the data. "
15,1,15.1,pre,Bramble scrub,,,,0.04,200,NA - predev too bad,Amenity grassland,Yes,Heathland and shrub,,No,NA,NA,Can't measure map pre-dev - too low resolution/maps not good enough at all
15,2,15.2,pre,Other woodland; broadleaved ,,,,0.36,200,NA - predev too bad,"Amenity grassland, other coniferous woodland",Yes,Woodland and forest,,Yes,,"Other woodland; broadleaved, other coniferous woodland",Can't measure map pre-dev - too low resolution/maps not good enough at all
15,3,15.3,pre,Other coniferous woodland ,,,,0.07,200,NA - predev too bad,"Amenity grassland, other broadleaved woodland",Yes,Woodland and forest,,Yes,,"Other woodland; broadleaved, other coniferous woodland",Can't measure map pre-dev - too low resolution/maps not good enough at all
15,4,15.4,post,Woodland (can't tell what type),3308.936,0.3308936,0.4332877,0.23,61.29699073,NA - predev too bad,"Urban, woodland",Yes,Woodland and forest,,Yes (offsite patch),,NA,"Total habitat type is for ALL WOODLAND rather than coniferous/broadleaved split, as the only map with a scale does not distinguish between them. Also, they have planted scrub under the woodland so I can\t really include it well even though it's in teh metric. "
15,5,15.5,post,Woodland (can't tell what type),662.021,0.0662021,0.4332877,0.23,,NA - predev too bad,"Urban, woodland",Yes,Woodland and forest,,Yes (offsite patch),,NA,"Total habitat type is for ALL WOODLAND rather than coniferous/broadleaved split, as the only map with a scale does not distinguish between them. Also, they have planted shrub under the woodland so it doesn't work well. "
15,6,15.6,post,Woodland (can't tell what type),361.92,0.036192,0.4332877,0.23,,NA - predev too bad,"Urban, woodland",Yes,Woodland and forest,,Yes (offsite patch),,NA,"Total habitat type is for ALL WOODLAND rather than coniferous/broadleaved split, as the only map with a scale does not distinguish between them. Also, they have planted shrub under the woodland so it doesn't work well. "
31,1,31.1,post,Modified grassland,56.399,0.0056399,0.0496846,0.0909,-58.63430276,Yes,Urban,Yes,Grassland,,Yes,0.1215417,"Modified grassland, mixed scrub, other neutral grassland",
31,2,31.2,post,Mixed scrub,34.364,0.0034364,0.0766516,0.07722,-0.738797803,No,Modified grassland,No,Heathland and shrub,,Yes,,"Modified grassland, mixed scrub, other neutral grassland",
31,3,31.3,post,Other neutral grassland,335.541,0.0335541,0.0374952,0.034,9.777439604,No,"Modified grassland, mixed scrub",No,Grassland,,Yes,,"Modified grassland, mixed scrub, other neutral grassland",
31,4,31.4,post,Mixed scrub,499.084,0.0499084,0.0766516,0.07722,,No,"Urban, other neutral grassland",Yes,Heathland and shrub,,Yes,,"Modified grassland, mixed scrub, other neutral grassland",
31,5,31.5,post,Modified grassland,233.277,0.0233277,0.0496846,0.0909,,No,"Other neutral grassland, urban",Yes,Grassland,,Yes,,"Modified grassland, mixed scrub, other neutral grassland",
31,6,31.6,post,Mixed scrub,56.752,0.0056752,0.0766516,0.07722,,No,"Urban, other neutral grassland",Yes,Heathland and shrub,,Yes,,"Modified grassland, mixed scrub, other neutral grassland",
31,7,31.7,post,Mixed scrub,16.173,0.0016173,0.0766516,0.07722,,No,Urban,Yes,Heathland and shrub,,No,NA,NA,
31,8,31.8,post,Modified grassland,14.064,0.0014064,0.0496846,0.0909,,No,Urban,Yes,Grassland,,No,NA,NA,
31,9,31.9,post,Mixed scrub,60.09,0.006009,0.0766516,0.07722,,No,"Urban, modified grassland",Yes,Heathland and shrub,,Yes,0.0080412,"Modified grassland, mixed scrub",
31,10,31.1,post,Modified grassland,20.322,0.0020322,0.0496846,0.0909,,No,"Urban, mixed scrub",Yes,Grassland,,Yes,,"Modified grassland, mixed scrub",
31,11,31.11,post,Modified grassland,82.75,0.008275,0.0496846,0.0909,,Yes,"Urban, mixed scrub",Yes,Grassland,,Yes,0.0312248,"Modified grassland, mixed scrub, other neutral grassland",
31,12,31.12,post,Mixed scrub,35.901,0.0035901,0.0766516,0.07722,,No,"Modified grassland, other neutral grassland",No,Heathland and shrub,,Yes,,"Modified grassland, mixed scrub, other neutral grassland",
31,13,31.13,post,Other neutral grassland,39.411,0.0039411,0.0374952,0.034,,No,"Modified grassland, mixed scrub",No,Grassland,,Yes,,"Modified grassland, mixed scrub, other neutral grassland",
31,14,31.14,post,Modified grassland,54.023,0.0054023,0.0496846,0.0909,,No,"Urban, other neutral grassland",Yes,Grassland,,Yes,,"Modified grassland, mixed scrub, other neutral grassland",
31,15,31.15,post,Mixed scrub,39.335,0.0039335,0.0766516,0.07722,,No,"Urban, modified grassland",Yes,Heathland and shrub,,Yes,,"Modified grassland, mixed scrub, other neutral grassland",
31,16,31.16,post,Mixed scrub,24.817,0.0024817,0.0766516,0.07722,,No,Urban,Yes,Heathland and shrub,,Yes,,"Modified grassland, mixed scrub, other neutral grassland",
31,17,31.17,post,Modified grassland,36.011,0.0036011,0.0496846,0.0909,,Yes,"Urban, other neutral grassland",Yes,Grassland,,Yes,,"Modified grassland, mixed scrub, other neutral grassland",
35,1,35.1,pre,Other neutral grassland,41699.297,4.1699297,4.533181,4.607907601,-1.634960663,,"Other neutral grassland (offsite), modified grassland",No,Grassland,,Yes,7.1667563,"Other neutral grassland, modified grassland, lowland mixed deciduous woodland, bracken, bramble scrub, mixed scrub, traditional orchard",
35,2,35.2,pre,Modified grassland,19301.118,1.9301118,1.9387888,1.952319637,-0.695474661,,"Other neutral grassland, woodland",No,Grassland,,Yes,,"Other neutral grassland, modified grassland, lowland mixed deciduous woodland, bracken, bramble scrub, mixed scrub, traditional orchard",
35,3,35.3,pre,Lowland mixed deciduous woodland,1531.98,0.153198,0.153198,0.1516784,0.996862991,,"Urban, modified grassland",Yes,Woodland and forest,,Yes,,"Other neutral grassland, modified grassland, lowland mixed deciduous woodland, bracken, bramble scrub, mixed scrub, traditional orchard",
35,4,35.4,pre,Bracken,183.073,0.0183073,0.0183073,0.019307245,-5.316799658,,"Modified grassland, mixed scrub",No,Heathland and shrub,,Yes,,"Other neutral grassland, modified grassland, lowland mixed deciduous woodland, bracken, bramble scrub, mixed scrub, traditional orchard",
35,5,35.5,pre,Bramble scrub,240.14,0.024014,0.4408366,0.437518717,0.755476272,,"Other neutral grassland, modified grassland",No,Heathland and shrub,,Yes,,"Other neutral grassland, modified grassland, lowland mixed deciduous woodland, bracken, bramble scrub, mixed scrub, traditional orchard",
35,6,35.6,pre,Mixed scrub,164.051,0.0164051,0.0845897,0.087481915,-3.361641481,,"Modified grassland, urban",Yes,Heathland and shrub,,Yes,,"Other neutral grassland, modified grassland, lowland mixed deciduous woodland, bracken, bramble scrub, mixed scrub, traditional orchard",
35,7,35.7,pre,Mixed scrub,117.841,0.0117841,0.0845897,0.087481915,,,"Other neutral grassland, woodland",No,Heathland and shrub,,Yes,,"Other neutral grassland, modified grassland, lowland mixed deciduous woodland, bracken, bramble scrub, mixed scrub, traditional orchard",
35,8,35.8,pre,Traditional orchards,3513.964,0.3513964,0.3513964,0.35600673,-1.303451965,,"Woodland, bramble scrub",No,Grassland,,Yes,,"Other neutral grassland, modified grassland, lowland mixed deciduous woodland, bracken, bramble scrub, mixed scrub, traditional orchard",
35,9,35.9,pre,Bramble scrub,4168.226,0.4168226,0.4408366,0.437518717,,,"Other neutral grassland (offsite), traditional orchard",No,Heathland and shrub,,Yes,,"Other neutral grassland, modified grassland, lowland mixed deciduous woodland, bracken, bramble scrub, mixed scrub, traditional orchard",
35,10,35.1,pre,Other neutral grassland,747.873,0.0747873,4.533181,4.607907601,,,Other neutral grassland (offsite),No,Grassland,,Yes,,"Other neutral grassland, modified grassland, lowland mixed deciduous woodland, bracken, bramble scrub, mixed scrub, traditional orchard",
35,11,35.11,pre,Other neutral grassland,79.179,0.0079179,4.533181,4.607907601,,,Urban,Yes,Grassland,,No,NA,NA,
35,12,35.12,pre,Other woodland; mixed,2255.755,0.2255755,0.2255755,0.230221249,-2.038518004,,Urban,Yes,Woodland and forest,,Yes,0.2743141,"Other woodland; mixed, other neutral grassland",
35,13,35.13,pre,Other neutral grassland,237.36,0.023736,4.533181,4.607907601,,,Urban,Yes,Grassland,,No,NA,NA,
35,14,35.14,pre,Other neutral grassland,229.459,0.0229459,4.533181,4.607907601,,,Urban,Yes,Grassland,,No,NA,NA,
35,15,35.15,pre,Other neutral grassland,487.386,0.0487386,4.533181,4.607907601,,,"Urban, other woodland; mixed",Yes,Grassland,,Yes,,"Other woodland; mixed, other neutral grassland",
35,16,35.16,pre,Other neutral grassland,124.506,0.0124506,4.533181,4.607907601,,,Urban,Yes,Grassland,,No,NA,NA,
35,17,35.17,pre,Modified grassland,86.77,0.008677,1.9387888,1.952319637,,,Urban,Yes,Grassland,,No,NA,NA,
35,18,35.18,pre,Other neutral grassland,1726.75,0.172675,4.533181,4.607907601,,,"Urban, mixed scrub",Yes,Grassland,,Yes,0.2163072,"Other neutral grassland, mixed scrub",
35,19,35.19,pre,Mixed scrub,436.322,0.0436322,0.0845897,0.087481915,,,"Other neutral grassland, woodland",No,Heathland and shrub,,Yes,,"Other neutral grassland, mixed scrub",
35,20,35.2,pre,Mixed scrub,127.683,0.0127683,0.0845897,0.087481915,,,"Urban, woodland",Yes,Heathland and shrub,,No,NA,NA,
35,21,35.21,post,Lowland meadows,28227.225,2.8227225,3.1202977,3.147796303,-0.87741515,,Other neutral grassland (offsite),No,Grassland,,Yes,5.0327138,"Lowland meadows, other neutral grassland, modified grassland, mixed scrub, traditional orchard",
35,22,35.22,post,Other neutral grassland,1415.282,0.1415282,0.8324031,0.86597699,-3.953636786,,Lowland meadows,No,Grassland,,Yes,,"Lowland meadows, other neutral grassland, modified grassland, mixed scrub, traditional orchard",
35,23,35.23,post,Mixed scrub,3293.454,0.3293454,1.0367063,0.988356518,4.77513894,,"Lowland meadows, modified grassland",No,Heathland and shrub,,Yes,,"Lowland meadows, other neutral grassland, modified grassland, mixed scrub, traditional orchard",
35,24,35.24,post,Modified grassland,850.781,0.0850781,0.4896696,0.489534409,0.027612428,,"Urban, modified grassland",Yes,Grassland,,Yes,,"Lowland meadows, other neutral grassland, modified grassland, mixed scrub, traditional orchard",
35,25,35.25,post,Other neutral grassland,3383.183,0.3383183,0.8324031,0.86597699,,,"Other neutral grassland (offsite), mixed scrub",No,Grassland,,Yes,,"Lowland meadows, other neutral grassland, modified grassland, mixed scrub, traditional orchard",
35,26,35.26,post,Modified grassland,442.904,0.0442904,0.4896696,0.489534409,,,"Urban, modified grassland",Yes,Grassland,,Yes,,"Lowland meadows, other neutral grassland, modified grassland, mixed scrub, traditional orchard",
35,27,35.27,post,Lowland mixed deciduous woodland,1478.307,0.1478307,0.1478307,0.1516784,-2.569337626,,"Urban, mixed scrub",Yes,Woodland and forest,,Yes,0.3549423,"Mixed scrub, modified grassland, lowland mixed deciduous woodland",
35,28,35.28,post,Mixed scrub,1054.452,0.1054452,1.0367063,0.988356518,,,"Urban, lowland mixed deciduous woodland",Yes,Heathland and shrub,,Yes,,"Mixed scrub, modified grassland, lowland mixed deciduous woodland",
35,29,35.29,post,Other neutral grassland,327.939,0.0327939,0.8324031,0.86597699,,,Urban,Yes,Grassland,,No,NA,NA,
35,30,35.3,post,Other neutral grassland,381.26,0.038126,0.8324031,0.86597699,,,Urban,Yes,Grassland,,No,NA,NA,
35,31,35.31,post,Other neutral grassland,347.879,0.0347879,0.8324031,0.86597699,,,Urban,Yes,Grassland,,No,NA,NA,
35,32,35.32,post,Other neutral grassland,296.338,0.0296338,0.8324031,0.86597699,,,Urban,Yes,Grassland,,No,NA,NA,
35,33,35.33,post,Modified grassland,1016.664,0.1016664,0.4896696,0.489534409,,,"Urban, mixed scrub",Yes,Grassland,,Yes,,"Mixed scrub, modified grassland, lowland mixed deciduous woodland",
35,34,35.34,post,Mixed scrub,1409.007,0.1409007,1.0367063,0.988356518,,,"Woodland (offsite), modified grassland",No,Heathland and shrub,,Yes,,"Lowland meadows, other neutral grassland, modified grassland, mixed scrub, traditional orchard",
35,35,35.35,post,Modified grassland,2586.347,0.2586347,0.4896696,0.489534409,,,"Urban, mixed scrub",Yes,Grassland,,Yes,,"Lowland meadows, other neutral grassland, modified grassland, mixed scrub, traditional orchard",
35,36,35.36,post,Other neutral grassland,1193.808,0.1193808,0.8324031,0.86597699,,,"Urban, mixed scrub",Yes,Grassland,,Yes,,"Lowland meadows, other neutral grassland, modified grassland, mixed scrub, traditional orchard",
35,37,35.37,post,Mixed scrub,207.499,0.0207499,1.0367063,0.988356518,,,"Urban, other neutral grassland",Yes,Heathland and shrub,,Yes,,"Lowland meadows, other neutral grassland, modified grassland, mixed scrub, traditional orchard",
35,38,35.38,post,Mixed scrub,434.804,0.0434804,1.0367063,0.988356518,,,"Woodland (offsite), lowland meadows",No,Heathland and shrub,,Yes,0.0908241,"Lowland meadows, mixed scrub",
35,39,35.39,post,Lowland meadows,473.437,0.0473437,3.1202977,3.147796303,,,"Urban, mixed scrub",Yes,Grassland,,Yes,,"Lowland meadows, mixed scrub",
35,40,35.4,post,Traditional orchards,3349.801,0.3349801,0.5690505,0.568457255,0.104306172,,"Woodland, mixed scrub",No,Grassland,,Yes,,"Lowland meadows, other neutral grassland, modified grassland, mixed scrub, traditional orchard",
35,41,35.41,post,Other neutral grassland,483.897,0.0483897,0.8324031,0.86597699,,,Traditional orchard,No,Grassland,,Yes,0.8080703,"Other woodland; mixed, traditional orchard, other neutral grassland, lowland meadows",
35,42,35.42,post,Mixed scrub,3967.847,0.3967847,1.0367063,0.988356518,,,"Other neutral grassland, traditional orchard",No,Heathland and shrub,,Yes,,"Lowland meadows, other neutral grassland, modified grassland, mixed scrub, traditional orchard",
35,43,35.43,post,Other woodland; mixed,2259.342,0.2259342,0.2259342,0.230221249,-1.879644058,,"Traditional orchard, urban",Yes,Woodland and forest,,Yes,,"Other woodland; mixed, traditional orchard, other neutral grassland, lowland meadows",
35,44,35.44,post,Lowland meadows,2502.315,0.2502315,3.1202977,3.147796303,,,Traditional orchard,No,Grassland,,Yes,,"Other woodland; mixed, traditional orchard, other neutral grassland, lowland meadows",
35,45,35.45,post,Other neutral grassland,494.445,0.0494445,0.8324031,0.86597699,,,"Traditional orchard, urban",Yes,Grassland,,Yes,,"Other woodland; mixed, traditional orchard, other neutral grassland, lowland meadows",
35,46,35.46,post,Traditional orchards,2340.704,0.2340704,0.5690505,0.568457255,,,Other neutral grassland,No,Grassland,,Yes,,"Other woodland; mixed, traditional orchard, other neutral grassland, lowland meadows",
36,3,36.3,pre,Modified grassland,2933.883,0.2933883,0.2933883,0.2741,6.797778915,,Modified grassland,No,Grassland,,Yes,0.5468129,"Modified grassland, mixed scrub, lowland mixed deciduous woodland",Discrepancy in numbering because I removed intensive orchards as they're cropland not semi-natural
36,4,36.4,pre,Mixed scrub,73.829,0.0073829,0.0073829,0.0093,-22.98281474,,Intensive orchard,Cropland,Woodland and forest,,Yes,,"Modified grassland, mixed scrub, lowland mixed deciduous woodland",Discrepancy in numbering because I removed intensive orchards as they're cropland not semi-natural
36,5,36.5,pre,Lowland mixed deciduous woodland,2460.417,0.2460417,0.2460417,0.2479,-0.752436978,,Intensive orchard,Cropland,Woodland and forest,,Yes,,"Modified grassland, mixed scrub, lowland mixed deciduous woodland",
36,6,36.6,post,Other neutral grassland,4905.645,0.4905645,3.0518567,3.0965,-1.452202667,,Modified grassland,No,Grassland,,Yes,8.7737805,"Other neutral grassland, modified grassland, mixed scrub, lowland mixed deciduous woodland (everything except 17)",
36,7,36.7,post,Modified grassland,15742.868,1.5742868,5.4845827,5.5585,-1.338707714,,Other neutral grassland,No,Grassland,,Yes,,"Other neutral grassland, modified grassland, mixed scrub, lowland mixed deciduous woodland (everything except 17)",
36,8,36.8,post,Other neutral grassland,25433.708,2.5433708,3.0518567,3.0965,,,Modified grassland,No,Grassland,,Yes,,"Other neutral grassland, modified grassland, mixed scrub, lowland mixed deciduous woodland (everything except 17)",
36,9,36.9,post,Modified grassland,14163.386,1.4163386,5.4845827,5.5585,,,Other neutral grassland,No,Grassland,,Yes,,"Other neutral grassland, modified grassland, mixed scrub, lowland mixed deciduous woodland (everything except 17)",
36,10,36.1,post,Modified grassland,121.748,0.0121748,5.4845827,5.5585,,,Other neutral grassland,No,Grassland,,Yes,,"Other neutral grassland, modified grassland, mixed scrub, lowland mixed deciduous woodland (everything except 17)",
36,11,36.11,post,Modified grassland,58.764,0.0058764,5.4845827,5.5585,,,Other neutral grassland,No,Grassland,,Yes,,"Other neutral grassland, modified grassland, mixed scrub, lowland mixed deciduous woodland (everything except 17)",
36,12,36.12,post,Modified grassland,10233.676,1.0233676,5.4845827,5.5585,,,Other neutral grassland,No,Grassland,,Yes,,"Other neutral grassland, modified grassland, mixed scrub, lowland mixed deciduous woodland (everything except 17)",
36,13,36.13,post,Modified grassland,1791.486,0.1791486,5.4845827,5.5585,,,Other neutral grassland,No,Grassland,,Yes,,"Other neutral grassland, modified grassland, mixed scrub, lowland mixed deciduous woodland (everything except 17)",
36,14,36.14,post,Modified grassland,2162.25,0.216225,5.4845827,5.5585,,,"Other neutral grassland, urban",Yes,Grassland,,Yes,,"Other neutral grassland, modified grassland, mixed scrub, lowland mixed deciduous woodland (everything except 17)",
36,15,36.15,post,Lowland mixed deciduous woodland,2478.796,0.2478796,0.2478796,0.2479,-0.008229463,,Other neutral grassland,No,Woodland and forest,,Yes,,"Other neutral grassland, modified grassland, mixed scrub, lowland mixed deciduous woodland (everything except 17)",
36,16,36.16,post,Modified grassland,10571.649,1.0571649,5.4845827,5.5585,,,Other neutral grassland,No,Grassland,,Yes,,"Other neutral grassland, modified grassland, mixed scrub, lowland mixed deciduous woodland (everything except 17)",
36,17,36.17,post,Other neutral grassland,179.214,0.0179214,3.0518567,3.0965,,,Urban,Yes,Grassland,,No,NA,NA,
36,18,36.18,post,Mixed scrub,73.829,0.0073829,0.0073829,0.0093,,,Other neutral grassland,No,Heathland and shrub,,Yes,,"Other neutral grassland, modified grassland, mixed scrub, lowland mixed deciduous woodland (everything except 17)",
37,1,37.1,pre,Modified grassland,4154.356,0.4154356,1.1136188,1.23,-9.9317517,No,Cropland,Cropland,Grassland,,No,NA,NA,
37,2,37.2,pre,Modified grassland,6981.832,0.6981832,1.1136188,1.23,,No,Cropland,Cropland,Grassland,,No,NA,NA,
37,3,37.3,pre,Ponds (non-priority habitat),304.356,0.0304356,0.2409923,0.2,18.59093685,Yes,Cropland,Cropland,Lakes,,No,NA,NA,
37,4,37.4,pre,Ponds (non-priority habitat),1053.595,0.1053595,0.2409923,0.2,,Yes,Cropland,Cropland,Lakes,,No,NA,NA,
37,5,37.5,pre,Ponds (non-priority habitat),76.972,0.0076972,0.2409923,0.2,,Yes,Cropland,Cropland,Lakes,,No,NA,NA,
37,6,37.6,pre,Ponds (priority habitat),499.257,0.0499257,0.0499257,0.01,184.0632561,Yes,Cropland,Cropland,Lakes,,No,NA,NA,
37,7,37.7,pre,Ponds (non-priority habitat),960,0.096,0.2409923,0.2,,Yes,Cropland,Cropland,Lakes,,No,NA,NA,Had to use PEA as it was too small on the map
37,8,37.8,pre,Ponds (non-priority habitat),15,0.0015,0.2409923,0.2,,Yes,Cropland,Cropland,Lakes,,No,NA,NA,Had to use PEA as it was too small on the map
37,9,37.9,post,Other neutral grassland,682967.212,68.2967212,68.2967212,67.65,0.951433318,No,Cropland (offsite),Cropland,Grassland,,Yes,68.5876392,"Other neutral grassland, ponds (priority habitat), ponds (non-priority habitat)",
37,10,37.1,post,Ponds (non-priority habitat),304.356,0.0304356,0.2409923,0.2,,Yes,Other neutral grassland,No,Lakes,,Yes,,"Other neutral grassland, ponds (priority habitat), ponds (non-priority habitat)",
37,11,37.11,post,Ponds (non-priority habitat),1053.595,0.1053595,0.2409923,0.2,,Yes,Other neutral grassland,No,Lakes,,Yes,,"Other neutral grassland, ponds (priority habitat), ponds (non-priority habitat)",
37,12,37.12,post,Ponds (non-priority habitat),76.972,0.0076972,0.2409923,0.2,,Yes,Other neutral grassland,No,Lakes,,Yes,,"Other neutral grassland, ponds (priority habitat), ponds (non-priority habitat)",
37,13,37.13,post,Ponds (priority habitat),499.257,0.0499257,0.0499257,0.01,133.2506754,Yes,Other neutral grassland,No,Lakes,,Yes,,"Other neutral grassland, ponds (priority habitat), ponds (non-priority habitat)",
37,14,37.14,post,Ponds (non-priority habitat),960,0.096,0.2409923,0.2,,Yes,Other neutral grassland,No,Lakes,,Yes,,"Other neutral grassland, ponds (priority habitat), ponds (non-priority habitat)",
37,15,37.15,post,Ponds (non-priority habitat),15,0.0015,0.2409923,0.2,,Yes,Other neutral grassland,No,Lakes,,Yes,,"Other neutral grassland, ponds (priority habitat), ponds (non-priority habitat)",
38,1,38.1,pre,Modified grassland,126268.278,12.6268278,12.6268278,12.085,4.385169761,"Yes (partially), 38.7,8,9, 17, 18","Offsite (likely cropland), Lowland mixed deciduous woodland",Cropland,Grassland,,Yes,13.5465606,"Modified grassland, mixed scrub, lowland mixed deciduous woodland, Temporary lakes, ponds and pools (all habitats)",
38,2,38.2,pre,Lowland mixed deciduous woodland,6484.976,0.6484976,0.8825327,0.988,-11.27671278,"Yes, 38.15",Modified grassland,No,Woodland and forest,,Yes,,"Modified grassland, mixed scrub, lowland mixed deciduous woodland, Temporary lakes, ponds and pools (all habitats)",
38,3,38.3,pre,Lowland mixed deciduous woodland,2340.351,0.2340351,0.8825327,0.988,,"Yes, 38.16",Modified grassland,No,Woodland and forest,,Yes,,"Modified grassland, mixed scrub, lowland mixed deciduous woodland, Temporary lakes, ponds and pools (all habitats)",
38,4,38.4,pre,Mixed scrub,96.973,0.0096973,0.0329978,0.033,-0.006666889,"Yes, 38.12",Modified grassland,No,Heathland and shrub,,Yes,,"Modified grassland, mixed scrub, lowland mixed deciduous woodland, Temporary lakes, ponds and pools (all habitats)",
38,5,38.5,pre,Mixed scrub,233.005,0.0233005,0.0329978,0.033,,"Yes, 38.13",Modified grassland,No,Heathland and shrub,,Yes,,"Modified grassland, mixed scrub, lowland mixed deciduous woodland, Temporary lakes, ponds and pools (all habitats)",
38,6,38.6,pre,"Temporary lakes, ponds and pools",42.023,0.0042023,0.0042023,0.002,71.01559099,"Yes, 38.6",Modified grassland,No,Lakes,,Yes,,"Modified grassland, mixed scrub, lowland mixed deciduous woodland, Temporary lakes, ponds and pools (all habitats)",
38,7,38.7,post,Modified grassland,16196.884,1.6196884,2.0944134,2.138,-2.059657027,"Yes (partially), 38.1","Urban, other neutral grassland",Yes,Grassland,,Yes,8.8521289,"Other neutral grassland, modified grassland, mixed scrub, lowland mixed deciduous woodland, Temporary lakes, ponds and pools (all habitats)",
38,8,38.8,post,Other neutral grassland,52865.705,5.2865705,5.2865705,5.147,2.675412027,"Yes (partially), 38.1","Modified grassland, lowland mixed deciduous grassland",No,Grassland,,Yes,8.4473143,"Other neutral grassland, modified grassland, mixed scrub, lowland mixed deciduous woodland, Temporary lakes, ponds and pools (all habitats)",
38,9,38.9,post,Modified grassland,403.134,0.0403134,2.0944134,2.138,,"Yes (partially), 38.1","Other neutral grassland, urban",Yes,Grassland,,Yes,,"Other neutral grassland, modified grassland, mixed scrub, lowland mixed deciduous woodland, Temporary lakes, ponds and pools (all habitats)",
38,10,38.1,post,Mixed scrub,5177.536,0.5177536,0.5507514,0.673,-19.97931933,No,"Other neutral grassland, lowland mixed deciduous grassland",No,Heathland and shrub,,Yes,,"Other neutral grassland, modified grassland, mixed scrub, lowland mixed deciduous woodland, Temporary lakes, ponds and pools (all habitats)",
38,11,38.11,post,"Temporary lakes, ponds and pools",42.023,0.0042023,0.0042023,0.002,71.01559099,"Yes, 38.6",Other neutral grassland,No,Lakes,,Yes,,"Other neutral grassland, modified grassland, mixed scrub, lowland mixed deciduous woodland, Temporary lakes, ponds and pools (all habitats)",
38,12,38.12,post,Mixed scrub,96.973,0.0096973,0.5507514,0.673,,"Yes, 38.4",Other neutral grassland,No,Heathland and shrub,,Yes,,"Other neutral grassland, modified grassland, mixed scrub, lowland mixed deciduous woodland, Temporary lakes, ponds and pools (all habitats)",
38,13,38.13,post,Mixed scrub,233.005,0.0233005,0.5507514,0.673,,"Yes, 38.5","Other neutral grassland, modified grassland",No,Heathland and shrub,,Yes,,"Other neutral grassland, modified grassland, mixed scrub, lowland mixed deciduous woodland, Temporary lakes, ponds and pools (all habitats)",
38,14,38.14,post,Modified grassland,3711.56,0.371156,2.0944134,2.138,,"Yes, (partially), 38.1",Urban,Yes,Grassland,,No,NA,NA,
38,15,38.15,post,Lowland mixed deciduous woodland,6484.976,0.6484976,0.8825327,0.988,-11.27671278,"Yes, 38.2",Mixed scrub,No,Woodland and forest,,Yes,,"Other neutral grassland, modified grassland, mixed scrub, lowland mixed deciduous woodland, Temporary lakes, ponds and pools (all habitats)",
38,16,38.16,post,Lowland mixed deciduous woodland,2340.351,0.2340351,0.8825327,0.988,,"Yes, 38.3",Other neutral grassland,No,Woodland and forest,,Yes,,"Other neutral grassland, modified grassland, mixed scrub, lowland mixed deciduous woodland, Temporary lakes, ponds and pools (all habitats)",
38,17,38.17,post,Modified grassland,74.85,0.007485,2.0944134,2.138,,"Yes, (partially), 38.1","Other neutral grassland, urban",Yes,Grassland,,Yes,,"Other neutral grassland, modified grassland, mixed scrub, lowland mixed deciduous woodland, Temporary lakes, ponds and pools (all habitats)",
38,18,38.18,post,Modified grassland,557.706,0.0557706,2.0944134,2.138,,"Yes, (partially), 38.1","Other neutral grassland, urban",Yes,Grassland,,Yes,,"Other neutral grassland, modified grassland, mixed scrub, lowland mixed deciduous woodland, Temporary lakes, ponds and pools (all habitats)",
39,1,39.1,pre,Other woodland; broadleaved,5353.142,0.5353142,0.5353142,0.55,-2.70627621,"Yes, 39.9","Modified grassland, offsite cropland",Cropland,Woodland and forest,,Yes,0.8401924,"Other broadleaved woodland, modified grassland, mixed scrub",
39,2,39.2,pre,Mixed scrub,262.558,0.0262558,0.1190659,0.1,17.40654296,No,"Modified grassland, other broadleaved woodland",No,Heathland and shrub,,Yes,,"Other broadleaved woodland, modified grassland, mixed scrub",
39,3,39.3,pre,Mixed scrub,151.38,0.015138,0.1190659,0.1,,No,"Modified grassland, other broadleaved woodland",No,Heathland and shrub,,Yes,,"Other broadleaved woodland, modified grassland, mixed scrub",
39,4,39.4,pre,Modified grassland,1580.658,0.1580658,0.2162578,0.25,-14.47362382,No,"Urban, Other broadleaved woodland",Yes,Grassland,,Yes,,"Other broadleaved woodland, modified grassland, mixed scrub",
39,5,39.5,pre,Modified grassland,277.465,0.0277465,0.2162578,0.25,,No,"Other broadleaved woodland, urban",Yes,Grassland,,Yes,,"Other broadleaved woodland, modified grassland, mixed scrub",
39,6,39.6,pre,Mixed scrub,246.071,0.0246071,0.1190659,0.1,,No,"Urban, Other broadleaved woodland",Yes,Heathland and shrub,,Yes,,"Other broadleaved woodland, modified grassland, mixed scrub",
39,7,39.7,pre,Mixed scrub,530.65,0.053065,0.1190659,0.1,,No,Urban,Yes,Heathland and shrub,,Yes,,"Other broadleaved woodland, modified grassland, mixed scrub",
39,8,39.8,pre,Modified grassland,304.455,0.0304455,0.2162578,0.25,,No,Urban,Yes,Grassland,,No,NA,NA,
39,9,39.9,post,Other woodland; broadleaved,5353.142,0.5353142,0.5353142,0.55,,"Yes, 39.1","Urban, offsite cropland",Yes,Woodland and forest,,Yes,0.8775115,"Other woodland; broadleaved, modified grassland, mixed scrub, other neutral grassland, ponds (non-priority)",
39,10,39.1,post,Mixed scrub,272.397,0.0272397,0.0934465,0.1,,No,Other woodland; broadleaved,No,Heathland and shrub,,Yes,,"Other woodland; broadleaved, modified grassland, mixed scrub, other neutral grassland, ponds (non-priority)","They have claimed mixed scrub for the native scrub planted in the woodland understory, both as an enhancement and as habitat creation. The reason this doesn't appear to change the area of the habitat before and after is likely because they have undermeasured for modified grassland and vegetated garden."
39,11,39.11,post,Mixed scrub,163.106,0.0163106,0.0934465,0.1,-6.775516745,No,Other woodland; broadleaved,No,Heathland and shrub,,Yes,,"Other woodland; broadleaved, modified grassland, mixed scrub, other neutral grassland, ponds (non-priority)","They have claimed mixed scrub for the native scrub planted in the woodland understory, both as an enhancement and as habitat creation. The reason this doesn't appear to change the area of the habitat before and after is likely because they have undermeasured for modified grassland and vegetated garden."
39,12,39.12,post,Mixed scrub,126.721,0.0126721,0.0934465,0.1,,No,Other woodland; broadleaved,No,Heathland and shrub,,Yes,,"Other woodland; broadleaved, modified grassland, mixed scrub, other neutral grassland, ponds (non-priority)","They have claimed mixed scrub for the native scrub planted in the woodland understory, both as an enhancement and as habitat creation. The reason this doesn't appear to change the area of the habitat before and after is likely because they have undermeasured for modified grassland and vegetated garden."
39,13,39.13,post,Mixed scrub,215.688,0.0215688,0.0934465,0.1,,No,Other woodland; broadleaved,No,Heathland and shrub,,Yes,,"Other woodland; broadleaved, modified grassland, mixed scrub, other neutral grassland, ponds (non-priority)","They have claimed mixed scrub for the native scrub planted in the woodland understory, both as an enhancement and as habitat creation. The reason this doesn't appear to change the area of the habitat before and after is likely because they have undermeasured for modified grassland and vegetated garden."
39,14,39.14,post,Mixed scrub,86.718,0.0086718,0.0934465,0.1,,No,Other woodland; broadleaved,No,Heathland and shrub,,Yes,,"Other woodland; broadleaved, modified grassland, mixed scrub, other neutral grassland, ponds (non-priority)","They have claimed mixed scrub for the native scrub planted in the woodland understory, both as an enhancement and as habitat creation. The reason this doesn't appear to change the area of the habitat before and after is likely because they have undermeasured for modified grassland and vegetated garden."
39,15,39.15,post,Mixed scrub,69.835,0.0069835,0.0934465,0.1,,No,Urban,Yes,Heathland and shrub,,Yes,,"Other woodland; broadleaved, modified grassland, mixed scrub, other neutral grassland, ponds (non-priority)","They have claimed mixed scrub for the native scrub planted in the woodland understory, both as an enhancement and as habitat creation. The reason this doesn't appear to change the area of the habitat before and after is likely because they have undermeasured for modified grassland and vegetated garden."
39,16,39.16,post,Modified grassland,154.83,0.015483,0.1657069,0,200,No,Urban,Yes,Grassland,,Yes,,"Other woodland; broadleaved, modified grassland, mixed scrub, other neutral grassland, ponds (non-priority)","They have not claimed ANY modified grassland even though there is some on the housing estate that doesn't belong to people (ie. it isn't private vegetated garden). They have also undermeasured the area of garden, which is likely why the areas match up before and after even though the mixed scrub is counted as both enhancement and creation."
39,17,39.17,post,Modified grassland,373.492,0.0373492,0.1657069,0,,No,Urban,Yes,Grassland,,Yes,,"Other woodland; broadleaved, modified grassland, mixed scrub, other neutral grassland, ponds (non-priority)","They have not claimed ANY modified grassland even though there is some on the housing estate that doesn't belong to people (ie. it isn't private vegetated garden). They have also undermeasured the area of garden, which is likely why the areas match up before and after even though the mixed scrub is counted as both enhancement and creation."
39,18,39.18,post,Modified grassland,250.212,0.0250212,0.1657069,0,,No,Urban,Yes,Grassland,,No,NA,NA,"They have not claimed ANY modified grassland even though there is some on the housing estate that doesn't belong to people (ie. it isn't private vegetated garden). They have also undermeasured the area of garden, which is likely why the areas match up before and after even though the mixed scrub is counted as both enhancement and creation."
39,19,39.19,post,Modified grassland,519.069,0.0519069,0.1657069,0,,No,Urban,Yes,Grassland,,Yes,0.0609465,"Modified grassland, other neutral grassland, ponds (non-priority)","They have not claimed ANY modified grassland even though there is some on the housing estate that doesn't belong to people (ie. it isn't private vegetated garden). They have also undermeasured the area of garden, which is likely why the areas match up before and after even though the mixed scrub is counted as both enhancement and creation."
39,20,39.2,post,Other neutral grassland,106.226,0.0106226,0.145644,0.01,174.3003264,No,"Ponds (non-priority), modified grassland",No,Grassland,,Yes,,"Other woodland; broadleaved, modified grassland, mixed scrub, other neutral grassland, ponds (non-priority)","There is such a huge discrepancy because they haven't claimed the grassland that is supposedly planted under the woodland (which would make sense because why would they plant grass under woodland) however, I have included it as that is what it suggests in the map and this work will hopefully show the discrepancies between map and metric"
39,21,39.21,post,Other neutral grassland,1303.609,0.1303609,0.145644,0.01,,No,Other woodland; broadleaved,No,Grassland,,Yes,,"Other woodland; broadleaved, modified grassland, mixed scrub, other neutral grassland, ponds (non-priority)","There is such a huge discrepancy because they haven't claimed the grassland that is supposedly planted under the woodland (which would make sense because why would they plant grass under woodland) however, I have included it as that is what it suggests in the map and this work will hopefully show the discrepancies between map and metric"
39,22,39.22,post,Other neutral grassland,46.605,0.0046605,0.145644,0.01,,No,"Ponds (non-priority), modified grassland",No,Grassland,,Yes,,"Modified grassland, other neutral grassland, ponds (non-priority)","There is such a huge discrepancy because they haven't claimed the grassland that is supposedly planted under the woodland (which would make sense because why would they plant grass under woodland) however, I have included it as that is what it suggests in the map and this work will hopefully show the discrepancies between map and metric"
39,23,39.23,post,Ponds (non-priority habitat),43.791,0.0043791,0.0233676,0.04,-52.49496588,No,Other neutral grassland,No,Lakes,,Yes,,"Modified grassland, other neutral grassland, ponds (non-priority)",
39,24,39.24,post,Ponds (non-priority habitat),189.885,0.0189885,0.0233676,0.04,,No,Other neutral grassland,No,Lakes,,Yes,,"Other woodland; broadleaved, modified grassland, mixed scrub, other neutral grassland, ponds (non-priority)",
39,25,39.25,post,Modified grassland,359.466,0.0359466,0.1657069,0,,No,"Urban, other neutral grassland",Yes,Grassland,,Yes,,"Other woodland; broadleaved, modified grassland, mixed scrub, other neutral grassland, ponds (non-priority)","They have not claimed ANY modified grassland even though there is some on the housing estate that doesn't belong to people (ie. it isn't private vegetated garden). They have also undermeasured the area of garden, which is likely why the areas match up before and after even though the mixed scrub is counted as both enhancement and creation."
1025,1,1025.1,pre,Other woodland; broadleaved,856.857,0.0856857,0.3965907,0.647446,-48.0548816,,Mixed scrub,No,Woodland and forest,,Yes,5.5438228,"Mixed scrub, modified grassland, ruderal/ephemeral, other broadleaved woodland",
1025,2,1025.2,pre,Mixed scrub,15153.349,1.5153349,2.6775287,0.654288,121.4497004,,"Urban, ruderal/ephemeral",Yes,Heathland and shrub,,Yes,,"Mixed scrub, modified grassland, ruderal/ephemeral, other broadleaved woodland",
1025,3,1025.3,pre,Other woodland; broadleaved,3109.05,0.310905,0.3965907,0.647446,,,Mixed scrub,No,Woodland and forest,,Yes,,"Mixed scrub, modified grassland, ruderal/ephemeral, other broadleaved woodland",
1025,4,1025.4,pre,Modified grassland,11201.005,1.1201005,1.6801864,1.928711,-13.77288254,,"Mixed scrub, urban",Yes,Grassland,,Yes,,"Mixed scrub, modified grassland, ruderal/ephemeral, other broadleaved woodland",
1025,5,1025.5,pre,Modified grassland,4642.16,0.464216,1.6801864,1.928711,,,Mixed scrub,No,Grassland,,Yes,,"Mixed scrub, modified grassland, ruderal/ephemeral, other broadleaved woodland",
1025,6,1025.6,pre,Modified grassland,255.558,0.0255558,1.6801864,1.928711,,,Urban,Yes,Grassland,,No,NA,NA,
1025,7,1025.7,pre,Modified grassland,331.226,0.0331226,1.6801864,1.928711,,,Urban,Yes,Grassland,,No,NA,NA,
1025,8,1025.8,pre,Modified grassland,371.915,0.0371915,1.6801864,1.928711,,,Urban,Yes,Grassland,,No,NA,NA,
1025,9,1025.9,pre,Mixed scrub,4558.164,0.4558164,2.6775287,0.654288,,,"Urban, modified grassland",Yes,Heathland and shrub,,Yes,,"Mixed scrub, modified grassland, ruderal/ephemeral, other broadleaved woodland",
1025,10,1025.1,pre,Mixed scrub,2564.384,0.2564384,2.6775287,0.654288,,,Urban,Yes,Heathland and shrub,,Yes,1.2228471,"Mixed scrub, ruderal/ephemeral",
1025,11,1025.11,pre,Mixed scrub,877.082,0.0877082,2.6775287,0.654288,,,Ruderal/ephemeral,,Heathland and shrub,,Yes,,"Mixed scrub, ruderal/ephemeral",
1025,12,1025.12,pre,Mixed scrub,3622.308,0.3622308,2.6775287,0.654288,,,"Modified grassland, other broadleaved woodland",,Heathland and shrub,,Yes,,"Mixed scrub, modified grassland, ruderal/ephemeral, other broadleaved woodland",
1025,13,1025.13,pre,Ruderal/Ephemeral,8787.005,0.8787005,2.108234,0.912549,79.16391214,,"Urban, mixed scrub",Yes,Sparsely Vegetated Land,,Yes,,"Mixed scrub, ruderal/ephemeral",
1025,14,1025.14,pre,Ruderal/Ephemeral,175.131,0.0175131,2.108234,0.912549,,,Urban,Yes,Sparsely Vegetated Land,,Yes,,"Mixed scrub, modified grassland, ruderal/ephemeral, other broadleaved woodland",
1025,15,1025.15,pre,Ruderal/Ephemeral,12120.204,1.2120204,2.108234,0.912549,,,Mixed scrub,No,Sparsely Vegetated Land,,Yes,,"Mixed scrub, modified grassland, ruderal/ephemeral, other broadleaved woodland",Map not good enough to do post-dev
1019,1,1019.1,post,Other neutral grassland,38.408,0.0038408,0.0070949,0.007,1.346586354,,Urban,Yes,Grassland,,No,NA,NA,"Note: no pre-dev as there were no natural habitats in the pre-dev, it was all urban"
1019,2,1019.2,post,Other neutral grassland,3.55,0.000355,0.0070949,0.007,,,Urban,Yes,Grassland,,No,NA,NA,
1019,3,1019.3,post,Other neutral grassland,17.912,0.0017912,0.0070949,0.007,,,Urban,Yes,Grassland,,No,NA,NA,
1019,4,1019.4,post,Other neutral grassland,11.079,0.0011079,0.0070949,0.007,,,Urban,Yes,Grassland,,No,NA,NA,
1026,1,1026.1,pre,Mixed scrub,3414.073,0.3414073,0.5396002,0.2,91.83345272,,Cropland,No,Heathland and shrub,,Yes,1.839445,,
1026,2,1026.2,pre,Wood pasture and parkland,4275.258,0.4275258,1.7559186,1.7,3.236106313,,Cropland,No,Woodland and forest,,Yes,,,
1026,3,1026.3,pre,Wood pasture and parkland,2972.346,0.2972346,1.7559186,1.7,,,Cropland,No,Woodland and forest,,Yes,,,
1026,4,1026.4,pre,Wood pasture and parkland,10311.582,1.0311582,1.7559186,1.7,,,Cropland,No,Woodland and forest,,Yes,1.7200329,,
1026,5,1026.5,pre,Mixed scrub,1981.929,0.1981929,0.5396002,0.2,,,Cropland,No,Heathland and shrub,,Yes,,,
1026,6,1026.6,pre,Lowland mixed deciduous woodland,4906.818,0.4906818,1.5882815,2.8,-55.22519465,,Cropland,No,Woodland and forest,,Yes,,,
1026,7,1026.7,pre,Lowland mixed deciduous woodland,8324.541,0.8324541,1.5882815,2.8,,,Cropland,No,Woodland and forest,,No,NA,NA,
1026,8,1026.8,pre,Ruderal/Ephemeral,2900.429,0.2900429,0.2900429,0.41,-34.2713568,,Cropland,No,Sparsely Vegetated Land,,Yes,0.5551885,,
1026,9,1026.9,pre,Other woodland; mixed,1761.431,0.1761431,0.6435703,2,-102.6210425,,Cropland,No,Woodland and forest,,Yes,,,
1026,10,1026.1,pre,Other woodland; broadleaved,1297.07,0.129707,0.129707,0.13,-0.225638893,,Cropland,No,Woodland and forest,,Yes,,,
1026,11,1026.11,pre,Other woodland; mixed,4674.272,0.4674272,0.6435703,2,,,Cropland,No,Woodland and forest,,Yes,,,
1026,12,1026.12,pre,Lowland mixed deciduous woodland,2651.456,0.2651456,1.5882815,2.8,,,Lowland mixed deciduous woodland,No,Woodland and forest,,Yes,,,
1026,13,1026.13,post,Mixed scrub,5005.105,0.5005105,1.5886452,1.235,25.04884112,,Other neutral grassland,No,Heathland and shrub,,Yes,76.394561,Whole thing,
1026,14,1026.14,post,Wood pasture and parkland,2123.759,0.2123759,1.6189908,1.7,-4.881556165,,Other neutral grassland,No,Woodland and forest,,Yes,,,
1026,15,1026.15,post,Wood pasture and parkland,2893.165,0.2893165,1.6189908,1.7,,,Other neutral grassland,No,Woodland and forest,,Yes,,,
1026,16,1026.16,post,Other woodland; mixed,959.191,0.0959191,0.3506884,2,-140.3258382,,Other neutral grassland,No,Woodland and forest,,Yes,,,
1026,17,1026.17,post,Other woodland; broadleaved,1107.02,0.110702,0.110702,0.13,-16.03476498,,Other neutral grassland,No,Woodland and forest,,Yes,,,
1026,18,1026.18,post,Other woodland; mixed,2547.693,0.2547693,0.3506884,2,,,Other neutral grassland,No,Woodland and forest,,Yes,,,
1026,19,1026.19,post,Mixed scrub,1714.551,0.1714551,1.5886452,1.235,,,Other neutral grassland,No,Heathland and shrub,,Yes,,,
1026,20,1026.2,post,Wood pasture and parkland,11172.984,1.1172984,1.6189908,1.7,,,Other neutral grassland,No,Woodland and forest,,Yes,,,
1026,21,1026.21,post,Lowland mixed deciduous woodland,7601.559,0.7601559,2.0934872,2.8,-28.87563699,,Other neutral grassland,No,Woodland and forest,,Yes,,,
1026,22,1026.22,post,Lowland mixed deciduous woodland,11012.902,1.1012902,2.0934872,2.8,,,Other neutral grassland,No,Woodland and forest,,Yes,,,
1026,23,1026.23,post,Lowland mixed deciduous woodland,2320.411,0.2320411,2.0934872,2.8,,,Other neutral grassland,No,Woodland and forest,,Yes,,,
1026,24,1026.24,post,Mixed scrub,5633.242,0.5633242,1.5886452,1.235,,,Other neutral grassland,No,Heathland and shrub,,Yes,,,
1026,25,1026.25,post,Mixed scrub,2448.377,0.2448377,1.5886452,1.235,,,Other neutral grassland,No,Heathland and shrub,,Yes,,,
1026,26,1026.26,post,Other neutral grassland,216382.105,21.6382105,70.6320474,75.309,-6.409372392,,"Mixed scrub, woodland",No,Grassland,,Yes,,,
1026,27,1026.27,post,Mixed scrub,1085.177,0.1085177,1.5886452,1.235,,,Other neutral grassland,No,Heathland and shrub,,Yes,,,
1026,28,1026.28,post,Other neutral grassland,489938.369,48.9938369,70.6320474,75.309,,,"Mixed scrub, woodland",No,Grassland,,Yes,,,
1016,1,1016.1,pre,Mixed scrub,147.129,0.0147129,0.0147129,0.0156,-5.852953693,,Urban,Yes,Heathland and shrub,,No,NA,,
1016,2,1016.2,pre,Bramble scrub,96.58,0.009658,0.009658,0.0123,-24.06412242,,Urban,Yes,Heathland and shrub,,Yes,0.0149188,,
1016,3,1016.3,pre,Ruderal/Ephemeral,52.608,0.0052608,0.014972,0.0158,,,Urban,Yes,Sparsely Vegetated Land,,Yes,,,
1016,4,1016.4,pre,Ruderal/Ephemeral,97.112,0.0097112,0.014972,0.0158,,,Urban,Yes,Sparsely Vegetated Land,,No,NA,,There are no post dev things as there are no post development non urban habitats; it doesn't achieve BNG
1003,1,1003.1,pre,Other woodland; broadleaved,975.065,0.0975065,0.1312607,0.1459,-10.56376319,,Urban,Yes,Woodland and forest,,Yes,0.7190153,,
1003,2,1003.2,pre,Mixed scrub,3886.111,0.3886111,0.9929636,1.0135,-2.047024426,,Urban,Yes,Heathland and shrub,,Yes,,,
1003,3,1003.3,pre,Mixed scrub,5683.967,0.5683967,0.9929636,1.0135,,,Urban,Yes,Heathland and shrub,,Yes,1.5333799,,
1003,4,1003.4,pre,Other neutral grassland,3696.339,0.3696339,0.8601358,0.681,23.24724401,,"Cropland, mixed scrub",No,Grassland,,Yes,,,
1003,5,1003.5,pre,Felled,1048.474,0.1048474,0.2361081,0.0965,83.94750459,,Other neutral grassland,No,Woodland and forest,,Yes,,,
1003,6,1003.6,pre,Ruderal/Ephemeral,1491.784,0.1491784,0.1631877,0.2019,-21.20712366,,Mixed scrub,No,Sparsely Vegetated Land,,Yes,,,
1003,7,1003.7,pre,Other neutral grassland,4905.019,0.4905019,0.8601358,0.681,,,Cropland,No,Grassland,,Yes,,,
1003,8,1003.8,pre,Ruderal/Ephemeral,140.093,0.0140093,0.1631877,0.2019,,,Mixed scrub,No,Sparsely Vegetated Land,,Yes,,,
1003,9,1003.9,pre,Other woodland; broadleaved,337.542,0.0337542,0.1312607,0.1459,,,Mixed scrub,No,Woodland and forest,,Yes,,,
1003,10,1003.1,pre,Mixed scrub,359.558,0.0359558,0.9929636,1.0135,,,Urban,Yes,Heathland and shrub,,Yes,,,
1003,11,1003.11,post,Other neutral grassland,1844.484,0.1844484,0.1844484,0.514,-94.36677069,,"Mixed scrub, urban",Yes,Grassland,,Yes,0.5252533,,
1003,12,1003.12,post,Mixed scrub,219.575,0.0219575,0.6414641,1.026,-46.12224035,,Urban,Yes,Heathland and shrub,,Yes,,,
1003,13,1003.13,post,Mixed scrub,3188.474,0.3188474,0.6414641,1.026,,,Urban,Yes,Heathland and shrub,,Yes,,,
1003,14,1003.14,post,Mixed scrub,2350.793,0.2350793,0.6414641,1.026,,,Urban,Yes,Heathland and shrub,,No,NA,,
1003,15,1003.15,post,Mixed scrub,76.701,0.0076701,0.6414641,1.026,,,Urban,Yes,Heathland and shrub,,No,NA,,
1003,16,1003.16,post,Mixed scrub,579.098,0.0579098,0.6414641,1.026,,,Urban,Yes,Heathland and shrub,,No,NA,,
1053,1,1053.1,pre,Mixed scrub,27026.028,2.7026028,2.7026028,2.55,5.810559291,,Urban,Yes,Heathland and shrub,,Yes,3.1896157,,
1053,2,1053.2,pre,Other neutral grassland,4870.129,0.4870129,0.4870129,0.58,-17.42942377,,Mixed scrub,No,Grassland,,Yes,,,
1053,3,1053.3,post,Modified grassland,236.292,0.0236292,0.3260256,0.02,176.8803233,,Urban,Yes,Grassland,,No,NA,,
1053,4,1053.4,post,Modified grassland,78.907,0.0078907,0.3260256,0.02,,,Urban,Yes,Grassland,,No,NA,,
1053,5,1053.5,post,Modified grassland,42.345,0.0042345,0.3260256,0.02,,,Urban,Yes,Grassland,,No,NA,,
1053,6,1053.6,post,Modified grassland,99.634,0.0099634,0.3260256,0.02,,,Urban,Yes,Grassland,,No,NA,,
1053,7,1053.7,post,Modified grassland,13.417,0.0013417,0.3260256,0.02,,,Urban,Yes,Grassland,,No,NA,,
1053,8,1053.8,post,Modified grassland,62.582,0.0062582,0.3260256,0.02,,,Urban,Yes,Grassland,,No,NA,,
1053,9,1053.9,post,Modified grassland,28.222,0.0028222,0.3260256,0.02,,,Urban,Yes,Grassland,,No,NA,,
1053,10,1053.1,post,Modified grassland,45.787,0.0045787,0.3260256,0.02,,,Urban,Yes,Grassland,,No,NA,,
1053,11,1053.11,post,Modified grassland,21.788,0.0021788,0.3260256,0.02,,,Urban,Yes,Grassland,,No,NA,,
1053,12,1053.12,post,Modified grassland,69.196,0.0069196,0.3260256,0.02,,,Urban,Yes,Grassland,,No,NA,,
1053,13,1053.13,post,Modified grassland,51.345,0.0051345,0.3260256,0.02,,,Urban,Yes,Grassland,,No,NA,,
1053,14,1053.14,post,Modified grassland,362.203,0.0362203,0.3260256,0.02,,,Urban,Yes,Grassland,,No,NA,,
1053,15,1053.15,post,Modified grassland,68.946,0.0068946,0.3260256,0.02,,,Urban,Yes,Grassland,,No,NA,,
1053,16,1053.16,post,Modified grassland,31.1,0.00311,0.3260256,0.02,,,Urban,Yes,Grassland,,No,NA,,
1053,17,1053.17,post,Modified grassland,54.251,0.0054251,0.3260256,0.02,,,Urban,Yes,Grassland,,No,NA,,
1053,18,1053.18,post,Modified grassland,166.741,0.0166741,0.3260256,0.02,,,Urban,Yes,Grassland,,No,NA,,
1053,19,1053.19,post,Modified grassland,144.911,0.0144911,0.3260256,0.02,,,Urban,Yes,Grassland,,No,NA,,
1053,20,1053.2,post,Modified grassland,341.876,0.0341876,0.3260256,0.02,,,Urban,Yes,Grassland,,No,NA,,
1053,25,1053.25,post,Modified grassland,40.757,0.0040757,0.3260256,0.02,,,Urban,Yes,Grassland,,No,NA,,
1053,27,1053.27,post,Modified grassland,64.288,0.0064288,0.3260256,0.02,,,Urban,Yes,Grassland,,No,NA,,
1053,28,1053.28,post,Modified grassland,10.971,0.0010971,0.3260256,0.02,,,Urban,Yes,Grassland,,No,NA,,
1053,29,1053.29,post,Modified grassland,13.798,0.0013798,0.3260256,0.02,,,Urban,Yes,Grassland,,No,NA,,
1053,30,1053.3,post,Modified grassland,26.96,0.002696,0.3260256,0.02,,,Urban,Yes,Grassland,,No,NA,,
1053,31,1053.31,post,Modified grassland,17.222,0.0017222,0.3260256,0.02,,,Urban,Yes,Grassland,,No,NA,,
1053,32,1053.32,post,Modified grassland,8.609,0.0008609,0.3260256,0.02,,,Urban,Yes,Grassland,,No,NA,,
1053,33,1053.33,post,Modified grassland,9.351,0.0009351,0.3260256,0.02,,,Urban,Yes,Grassland,,No,NA,,
1053,34,1053.34,post,Modified grassland,11.242,0.0011242,0.3260256,0.02,,,Urban,Yes,Grassland,,No,NA,,
1053,35,1053.35,post,Modified grassland,53.548,0.0053548,0.3260256,0.02,,,Urban,Yes,Grassland,,No,NA,,
1053,36,1053.36,post,Modified grassland,37.648,0.0037648,0.3260256,0.02,,,Urban,Yes,Grassland,,No,NA,,
1053,37,1053.37,post,Modified grassland,42.973,0.0042973,0.3260256,0.02,,,Urban,Yes,Grassland,,No,NA,,
1053,38,1053.38,post,Modified grassland,287.73,0.028773,0.3260256,0.02,,,Urban,Yes,Grassland,,No,NA,,
1053,39,1053.39,post,Modified grassland,53.677,0.0053677,0.3260256,0.02,,,Urban,Yes,Grassland,,No,NA,,
1053,40,1053.4,post,Modified grassland,47.493,0.0047493,0.3260256,0.02,,,Urban,Yes,Grassland,,No,NA,,
1053,41,1053.41,post,Modified grassland,12.255,0.0012255,0.3260256,0.02,,,Urban,Yes,Grassland,,No,NA,,
1053,42,1053.42,post,Modified grassland,23.404,0.0023404,0.3260256,0.02,,,Urban,Yes,Grassland,,No,NA,,
1053,43,1053.43,post,Modified grassland,45.998,0.0045998,0.3260256,0.02,,,Urban,Yes,Grassland,,No,NA,,
1053,44,1053.44,post,Modified grassland,249.223,0.0249223,0.3260256,0.02,,,Urban,Yes,Grassland,,No,NA,,
1053,45,1053.45,post,Modified grassland,39.482,0.0039482,0.3260256,0.02,,,Urban,Yes,Grassland,,No,NA,,
1053,46,1053.46,post,Modified grassland,41.443,0.0041443,0.3260256,0.02,,,Urban,Yes,Grassland,,No,NA,,
1053,47,1053.47,post,Modified grassland,202.641,0.0202641,0.3260256,0.02,,,Urban,Yes,Grassland,,No,NA,,
1053,48,1053.48,post,Other neutral grassland,888.745,0.0888745,0.0888745,0.03,99.05320317,,Urban,Yes,Grassland,,No,NA,,
1031,1,1031.1,pre,Other neutral grassland,6093.971,0.6093971,0.6093971,0.5953,2.340355928,,Woodland,No,Grassland,,Yes,0.7818282,,
1031,2,1031.2,pre,Mixed scrub,1005.371,0.1005371,0.1005371,0.1642,-48.09518575,,Other neutral grassland,No,Heathland and shrub,,Yes,,,This might be a combo of mixed and bramble but I can't tell
1031,3,1031.3,pre,Other woodland; broadleaved,718.94,0.071894,0.071894,0.0525,31.18156824,,Woodland,No,Woodland and forest,,Yes,,,
1031,4,1031.4,post,Other woodland; broadleaved,767.977,0.0767977,0.0767977,0.0525,37.58411789,,Mixed scrub,No,Woodland and forest,,Yes,0.0994616,,Scale on the post-dev was completely wrong so I had to use the scale of the pre-dev map and transpose it on there 
1031,5,1031.5,post,Other neutral grassland,493.624,0.0493624,0.0821273,0.0629,26.51542158,,Urban,Yes,Grassland,,No,NA,,
1031,6,1031.6,post,Other neutral grassland,101.01,0.010101,0.0821273,0.0629,,,Urban,Yes,Grassland,,No,NA,,
1031,7,1031.7,post,Other neutral grassland,226.6,0.0226639,0.0821273,0.0629,,,Woodland,No,Grassland,,Yes,,,
1031,8,1031.8,post,Mixed scrub,59.29,0.005929,0.0113012,0.2084,-179.4244183,,Urban,Yes,Heathland and shrub,,No,NA,,
1031,9,1031.9,post,Mixed scrub,53.722,0.0053722,0.0113012,0.2084,,,Urban,Yes,Heathland and shrub,,No,NA,,
1005,1,1005.1,pre,Mixed scrub,2733.789,0.2733789,0.5879594,0.363,47.31209345,,Urban,Yes,Heathland and shrub,,Yes,0.8212353,,
1005,2,1005.2,pre,Mixed scrub,316.227,0.0316227,0.5879594,0.363,,,Urban,Yes,Heathland and shrub,,Yes,,,
1005,3,1005.3,pre,Mixed scrub,2718.084,0.2718084,0.5879594,0.363,,,Urban,Yes,Heathland and shrub,,Yes,,,
1005,4,1005.4,pre,Mixed scrub,111.494,0.0111494,0.5879594,0.363,,,Other neutral grassland,No,Heathland and shrub,,Yes,,,
1005,5,1005.5,pre,Other neutral grassland,534.087,0.0534087,0.0645356,0.047,31.44395153,,Mixed scrub,No,Grassland,,Yes,,,
1005,6,1005.6,pre,Ruderal/Ephemeral,643.355,0.0643355,0.0804209,0.065,21.20864332,,"Urban, mixed scrub",Yes,Sparsely Vegetated Land,,Yes,,,
1005,7,1005.7,pre,Ruderal/Ephemeral,79.308,0.0079308,0.0804209,0.065,,,Mixed scrub,No,Sparsely Vegetated Land,,Yes,,,
1005,8,1005.8,pre,Ruderal/Ephemeral,81.546,0.0081546,0.0804209,0.065,,,Mixed scrub,No,Sparsely Vegetated Land,,Yes,,,
1005,9,1005.9,pre,Modified grassland,476.492,0.0476492,0.0476492,0,200,,"Mixed scrub, urban",Yes,Grassland,,Yes,,,
1005,10,1005.1,pre,Other woodland; broadleaved,406.702,0.0406702,0.0406702,0.042,-3.217120559,,"Mixed scrub, urban",Yes,Woodland and forest,,Yes,,,
1005,11,1005.11,pre,Other neutral grassland,111.269,0.0111269,0.0645356,0.047,,,"Urban, mixed scrub",Yes,Grassland,,Yes,,,
1005,12,1005.12,post,Mixed scrub,490.592,0.0490592,0.0756166,0.007,166.108506,,Other neutral grassland,No,Heathland and shrub,,Yes,0.3404653,,
1005,13,1005.13,post,Other neutral grassland,2341.504,0.2341504,0.2341504,0.294,-22.66384727,,Urban,Yes,Grassland,,Yes,,,
1005,14,1005.14,post,Other woodland; broadleaved,306.983,0.0306983,0.0306983,0.038,-21.25729458,,Other neutral grassland,No,Woodland and forest,,Yes,,,
1005,15,1005.15,post,Mixed scrub,265.574,0.0265574,0.0756166,0.007,,,Other neutral grassland,No,Heathland and shrub,,Yes,,,
1015,1,1015.1,pre,Other neutral grassland,23118.2,2.31182,2.9005126,3.362589,,,"woodland, urban",Yes,Grassland,,Yes,4.6411486,,
1015,2,1015.2,pre,Other neutral grassland,702.823,0.0702823,2.9005126,3.362589,-14.75551347,,Urban,Yes,Grassland,,No,NA,,
1015,3,1015.3,pre,Ruderal/Ephemeral,699.803,0.0699803,0.2615519,0.278254,-6.188187272,,"Other neutral grassland, urban",Yes,Sparsely Vegetated Land,,Yes,,,
1015,4,1015.4,pre,Other neutral grassland,695.232,0.0695232,2.9005126,3.362589,,,Urban,Yes,Grassland,,Yes,,,
1015,5,1015.5,pre,Other neutral grassland,221.446,0.0221446,2.9005126,3.362589,,,Urban,Yes,Grassland,,No,NA,,
1015,6,1015.6,pre,Other neutral grassland,982.304,0.0982304,2.9005126,3.362589,,,Urban,Yes,Grassland,,No,NA,,
1015,7,1015.7,pre,Other neutral grassland,2837.332,0.2837332,2.9005126,3.362589,,,Mixed scrub,No,Grassland,,No,NA,,
1015,8,1015.8,pre,Mixed scrub,9601.675,0.9601675,1.1445439,1.212508,-5.766873441,,Woodland,No,Heathland and shrub,,Yes,,,
1015,9,1015.9,pre,Other,1629.582,0.1629582,0.1629582,0.03,137.8103651,,Mixed scrub,No,Woodland and forest,,Yes,,,
1015,10,1015.1,pre,Ruderal/Ephemeral,1585.873,0.1585873,0.2615519,0.278254,,,Mixed scrub,No,Sparsely Vegetated Land,,Yes,,,
1015,11,1015.11,pre,Other woodland; broadleaved,3441.962,0.3441962,0.4765414,0.684576,-35.83351692,,Other neutral grassland,No,Woodland and forest,,Yes,,,
1015,12,1015.12,pre,Ruderal/Ephemeral,329.843,0.0329843,0.2615519,0.278254,,,"Other neutral grassland, urban",Yes,Sparsely Vegetated Land,,Yes,,,
1015,13,1015.13,pre,Other neutral grassland,305.763,0.0305763,2.9005126,3.362589,,,Urban,Yes,Grassland,,No,NA,,
1015,14,1015.14,pre,Other neutral grassland,142.026,0.0142026,2.9005126,3.362589,,,Urban,Yes,Grassland,,No,NA,,
1015,15,1015.15,pre,Mixed scrub,693.192,0.0693192,1.1445439,1.212508,,,Other neutral grassland,No,Heathland and shrub,,Yes,,,
1015,16,1015.16,pre,Other woodland; broadleaved,436.566,0.0436566,0.4765414,0.684576,,,Other neutral grassland,No,Woodland and forest,,Yes,,,
1015,17,1015.17,pre,Other woodland; broadleaved,436.158,0.0436158,0.4765414,0.684576,,,Other neutral grassland,No,Woodland and forest,,Yes,,,
1015,18,1015.18,pre,Other woodland; broadleaved,450.728,0.0450728,0.4765414,0.684576,,,Other neutral grassland,No,Woodland and forest,,Yes,,,
1015,19,1015.19,pre,Mixed scrub,1150.572,0.1150572,1.1445439,1.212508,,,Other neutral grassland,No,Heathland and shrub,,Yes,,,
1015,20,1015.2,post,Other neutral grassland,1760.485,0.1760485,1.5836695,1.700168,-7.095265828,,Urban,Yes,Grassland,,No,NA,,
1015,21,1015.21,post,Other neutral grassland,666.505,0.0666505,1.5836695,1.700168,,,Urban,Yes,Grassland,,No,NA,,
1015,22,1015.22,post,Other neutral grassland,1150.364,0.1150364,1.5836695,1.700168,,,Urban,Yes,Grassland,,Yes,0.1937885,,
1015,23,1015.23,post,Other woodland; broadleaved,438.66,0.043866,0.391459,0.695,-55.87712008,,Other neutral grassland,No,Woodland and forest,,Yes,,,
1015,24,1015.24,post,Other woodland; broadleaved,348.861,0.0348861,0.391459,0.695,,,Urban,Yes,Woodland and forest,,Yes,,,
1015,25,1015.25,post,Other woodland; broadleaved,1806.071,0.1806071,0.391459,0.695,,,Other neutral grassland,No,Woodland and forest,,Yes,0.2700524,,
1015,26,1015.26,post,Other neutral grassland,894.453,0.0894453,1.5836695,1.700168,,,Urban,Yes,Grassland,,Yes,,,
1015,27,1015.27,post,Other neutral grassland,10767.677,1.0767677,1.5836695,1.700168,,,Mixed scrub,No,Grassland,,Yes,2.4617731,,
1015,28,1015.28,post,Other woodland; broadleaved,374.719,0.0374719,0.391459,0.695,,,Other neutral grassland,No,Woodland and forest,,Yes,,,
1015,29,1015.29,post,Mixed scrub,655.976,0.0655976,0.8641665,1.045,-18.94371182,,Other neutral grassland,No,Heathland and shrub,,Yes,,,
1015,30,1015.3,post,Other,397.506,0.0397506,0.2976207,0.043,149.5039497,,Other neutral grassland,No,Woodland and forest,,Yes,,,
1015,31,1015.31,post,Mixed scrub,985.947,0.0985947,0.8641665,1.045,,,Other neutral grassland,No,Heathland and shrub,,Yes,,,
1015,32,1015.32,post,Other woodland; broadleaved,646.027,0.0646027,0.391459,0.695,,,Mixed scrub,No,Woodland and forest,,Yes,,,
1015,33,1015.33,post,Other neutral grassland,54.846,0.0054846,1.5836695,1.700168,,,Other woodland; broadleaved,No,Grassland,,Yes,,,
1015,34,1015.34,post,Mixed scrub,6999.742,0.6999742,0.8641665,1.045,,,Urban,Yes,Heathland and shrub,,Yes,,,
1015,35,1015.35,post,Other,861.354,0.0861354,0.2976207,0.043,,,Mixed scrub,No,Woodland and forest,,Yes,,,
1015,36,1015.36,post,Other,1619.635,0.1619635,0.2976207,0.043,,,Mixed scrub,No,Woodland and forest,,Yes,,,
1015,37,1015.37,post,Other neutral grassland,542.365,0.0542365,1.5836695,1.700168,,,Mixed scrub,No,Grassland,,Yes,,,
1015,38,1015.38,post,Other woodland; broadleaved,300.252,0.0300252,0.391459,0.695,,,Mixed scrub,No,Woodland and forest,,Yes,,,
1015,39,1015.39,post,Other,97.712,0.0097712,0.2976207,0.043,,,Urban,Yes,Woodland and forest,,Yes,,,
1015,40,1015.4,post,Ponds (priority habitat),106.228,0.0106228,0.0313973,0.032,-1.901342802,,Other neutral grassland,No,Lakes,,Yes,,,
1015,41,1015.41,post,Ponds (priority habitat),105.258,0.0105258,0.0313973,0.032,,,Other neutral grassland,No,Lakes,,Yes,,,
1015,42,1015.42,post,Ponds (priority habitat),102.487,0.0102487,0.0313973,0.032,,,Other neutral grassland,No,Lakes,,Yes,,,
1044,1,1044.1,pre,Modified grassland,496.737,0.0496737,0.1105876,0.1,10.0552929,,Urban,Yes,Grassland,,Yes,0.0667577,,
1044,2,1044.2,pre,Modified grassland,609.139,0.0609139,0.1105876,0.1,,,Urban,Yes,Grassland,,No,NA,,
1044,3,1044.3,pre,Mixed scrub,170.84,0.017084,0.017084,0.02,-15.72645885,,Urban,Yes,Heathland and shrub,,Yes,,,No post-dev semi-natural habitats
1028,1,1028.1,pre,Modified grassland,34814.134,3.4814134,3.4814134,3.8046,-8.871424804,,Urban,Yes,Grassland,,Yes,4.063483,,
1028,2,1028.2,pre,Other neutral grassland,3957.225,0.3957225,0.4431651,0.4796,-7.896895971,,"Modified grassland, urban",Yes,Grassland,,Yes,,,
1028,3,1028.3,pre,Other neutral grassland,474.426,0.0474426,0.4431651,0.4796,,,"Modified grassland, urban",Yes,Grassland,,Yes,,,
1028,4,1028.4,pre,Bramble scrub,826.072,0.0826072,0.1054373,0.1168,-10.22573618,,"Modified grassland, urban",Yes,Heathland and shrub,,Yes,,,
1028,5,1028.5,pre,Mixed scrub,334.672,0.0334672,0.0334672,0.0392,,,"Other neutral grassland, urban",Yes,Heathland and shrub,,Yes,,,
1028,6,1028.6,pre,Bramble scrub,160.688,0.0160688,0.1054373,0.1168,,,Other neutral grassland,No,Heathland and shrub,,Yes,,,
1028,7,1028.7,pre,Bramble scrub,67.613,0.0067613,0.1054373,0.1168,,,Other neutral grassland,No,Heathland and shrub,,Yes,,,
1028,8,1028.8,post,Bramble scrub,93.034,0.0093034,0.0313627,0.035,-10.9618807,,"Mixed scrub, urban",Yes,Heathland and shrub,,Yes,2.200285,,
1028,9,1028.9,post,Mixed scrub,5115.738,0.5115738,0.7129495,0.4557,44.0250905,,"Urban, ong",Yes,Heathland and shrub,,Yes,,,
1028,10,1028.1,post,Other neutral grassland,5552.349,0.5552349,1.4559728,1.9187,-27.42352977,,"Urban, mixed scrub",Yes,Grassland,,Yes,,,
1028,11,1028.11,post,Other neutral grassland,898.826,0.0898826,1.4559728,1.9187,,,Urban,Yes,Grassland,,Yes,,,
1028,13,1028.13,post,Other neutral grassland,5295.695,0.5295695,1.4559728,1.9187,,,"Urban, mixed scrub",Yes,Grassland,,Yes,,,
1028,14,1028.14,post,Mixed scrub,2013.757,0.2013757,0.7129495,0.4557,,,Urban,Yes,Heathland and shrub,,Yes,,,
1028,15,1028.15,post,Other neutral grassland,618.855,0.0618855,1.4559728,1.9187,,,Urban,Yes,Grassland,,Yes,,,
1028,17,1028.17,post,Other neutral grassland,1855.437,0.1855437,1.4559728,1.9187,,,Mixed scrub,No,Grassland,,Yes,,,
1028,18,1028.18,post,Bramble scrub,47.878,0.0047878,0.0313627,0.035,,,Urban,Yes,Heathland and shrub,,Yes,,,
1028,19,1028.19,post,Bramble scrub,134.424,0.0134424,0.0313627,0.035,,,Other neutral grassland,No,Heathland and shrub,,Yes,,,
1028,20,1028.2,post,Bramble scrub,38.291,0.0038291,0.0313627,0.035,,,Other neutral grassland,No,Heathland and shrub,,Yes,,,
1028,22,1028.22,post,Other neutral grassland,338.566,0.0338566,1.4559728,1.9187,,,Mixed scrub,No,Grassland,,Yes,,,
1013,1,1013.1,pre,Other neutral grassland,3538.868,0.3538868,0.495523,0.52,-4.820570287,,Urban,Yes,Grassland,,Yes,0.3666914,,
1013,2,1013.2,pre,Other neutral grassland,1416.362,0.1416362,0.495523,0.52,,,Urban,Yes,Grassland,,Yes,0.1577512,,
1013,3,1013.3,pre,Bramble scrub,161.15,0.016115,0.0289196,0.03,-3.667370451,,Urban,Yes,Heathland and shrub,,Yes,,,
1013,4,1013.4,pre,Bramble scrub,72.874,0.0072874,0.0289196,0.03,,,Urban,Yes,Heathland and shrub,,Yes,,,
1013,5,1013.5,pre,Bramble scrub,55.172,0.0055172,0.0289196,0.03,,,Urban,Yes,Heathland and shrub,,yes,,,
1013,6,1013.6,post,Other neutral grassland,448.902,0.0448902,0.0448902,0,200,,Urban,Yes,Grassland,,No,NA,,
1013,7,1013.7,post,Mixed scrub,532.99,0.053299,0.053299,0.05,6.387283517,,Urban,Yes,Heathland and shrub,,No,NA,,
1029,1,1029.1,pre,Other neutral grassland,7322.985,0.7322985,0.7322985,0.8,-8.836594175,,Urban,Yes,Grassland,,Yes,0.8396581,,
1029,2,1029.2,pre,Bramble scrub,355.806,0.0355806,0.1073596,0.11,-2.429522322,,Other neutral grassland,No,Heathland and shrub,,Yes,,,
1029,3,1029.3,pre,Bramble scrub,620.252,0.0620252,0.1073596,0.11,,,Other neutral grassland,No,Heathland and shrub,,Yes,,,
1029,4,1029.4,pre,Bramble scrub,97.538,0.0097538,0.1073596,0.11,,,Other neutral grassland,No,Heathland and shrub,,Yes,,,
1029,5,1029.5,post,Other neutral grassland,46.281,0.0046281,0.0282814,0.028,0.999975125,,Urban,No,Grassland,,No,NA,,
1029,6,1029.6,post,Other neutral grassland,179.12,0.017912,0.0282814,0.028,,,Urban,No,Grassland,,No,NA,,
1029,7,1029.7,post,Other neutral grassland,57.413,0.0057413,0.0282814,0.028,,,Urban,No,Grassland,,No,NA,,
,,,,,,0,,,,,,,,,,,,